"Stewart Calculus 7e Video Examples, Chapter 1-6 SV, Chap7-17 is PU of SCalcET7 Video Examples  (SC)",,,,,,,
SCalc7e Video Example,SCalc7 Section #,Scalc7 Example #,LIVE URL,English CC File name,Spanish CC File Name,Replacement?,Comment
Chapter 1: Functions and Limits,,,,,,,
Section 1.1 Four Ways to Represent a Function,,,,,,,
01.01.05,1.1,Example # 5,http://www.wadsworthmedia.com/math/stewart/solution_videos/6et_01_01_05.html,,,,
01.01.07,1.1,Example # 7,http://www.wadsworthmedia.com/math/stewart/solution_videos/6et_01_01_07.html,,,,
01.01.11a-c,1.1,Example # 11,http://www.wadsworthmedia.com/math/stewart/solution_videos/6et_01_01_11.html,,,,
Section 1.2 Mathematical Models: A Catalog of Essential Functions,,,,,,,
01.02.01a-c,1.2,Example # 1,http://www.wadsworthmedia.com/math/stewart/solution_videos/6et_01_02_01.html,,,,
01.02.02,1.2,Example # 2,http://www.wadsworthmedia.com/math/stewart/solution_videos/6et_01_02_02.html,,,,
01.02.03,1.2,Example # 3,http://www.wadsworthmedia.com/math/stewart/solution_videos/6et_01_02_03.html,,,,
Section 1.3 New Functions from Old Functions,,,,,,,
01.03.01,1.3,Example # 1,http://www.wadsworthmedia.com/math/stewart/solution_videos/6et_01_03_01.html,,,,
01.03.05,1.3,Example # 5,http://www.wadsworthmedia.com/math/stewart/solution_videos/6et_01_03_05.html,,,,
01.03.07a-d,1.3,Example # 7,http://www.wadsworthmedia.com/math/stewart/solution_videos/6et_01_03_07.html,,,,
Section 1.4 The Tangent and Velocity Problems,,,,,,,
01.04.01,1.4,Example # 1,http://www.wadsworthmedia.com/math/stewart/solution_videos/7e_01_04_01.html,et_02_01_01_en.htm,et_02_01_01_es.htm,"6et_02_01_01, 7e_01_04_01",
01.04.02,1.4,Example # 2,http://www.wadsworthmedia.com/math/stewart/solution_videos/7e_01_04_02.html,et_02_01_02_en.htm,et_02_01_02_es.htm,6et_02_01_02 ,
01.04.03,1.4,Example # 3,http://www.wadsworthmedia.com/math/stewart/solution_videos/7e_01_04_03.html,et_02_01_03_en.htm,et_02_01_03_es.htm,"6et_02_01_03, 7e_01_04_03",
Section 1.5 The Limit of a Function,,,,,,,
01.05.03,1.5,Example # 3,http://www.wadsworthmedia.com/math/stewart/solution_videos/7e_01_05_03.html,et_02_02_03_04_en.htm,et_02_02_03_04_es.htm,NO CORRECT FILE,
01.05.04,1.5,Example # 4,http://www.wadsworthmedia.com/math/stewart/solution_videos/7e_01_05_03.html second part of the animation,et_02_02_03_04_en.htm,et_02_02_03_04_es.htm,NO CORRECT FILE,
01.05.06,1.5,Example # 6,http://www.wadsworthmedia.com/math/stewart/solution_videos/7e_01_05_06.html,et_02_02_06_en.htm,et_02_02_06_es.htm,7e_01_05_06,
01.05.07a-f,1.5,Example # 7,http://www.wadsworthmedia.com/math/stewart/solution_videos/7e_01_05_07.html,et_02_02_07_en.htm,et_02_02_07_es.htm,7e_01_05_07,
Section 1.6 Calculating Limits Using the Limit Laws,,,,,,,
01.06.05,1.6,Example # 5,http://www.wadsworthmedia.com/math/stewart/solution_videos/7e_01_06_05.html,et_02_03_05_en.htm,et_02_03_05_es.htm,7e_01_06_05,
01.06.08,1.6,Example # 8,http://www.wadsworthmedia.com/math/stewart/solution_videos/7e_01_06_08.html,et_02_03_08_en.htm,et_02_03_08_es.htm,7e_01_06_08,
01.06.11,1.6,Example # 11,http://www.wadsworthmedia.com/math/stewart/solution_videos/7e_01_06_11.html,et_02_03_11_en.htm,et_02_03_11_es.htm,7e_01_06_11,
Section 1.7 The Precise Definition of a Limit,,,,,,,
01.07.02,1.7,Example # 2,http://www.wadsworthmedia.com/math/stewart/solution_videos/7e_01_07_02.html,et_02_04_02_en.htm,et_02_04_02_es.htm,7e_01_07_02,
01.07.03,1.7,Example # 3,http://www.wadsworthmedia.com/math/stewart/solution_videos/7e_01_07_03.html,et_02_04_03_en.htm,et_02_04_03_es.htm,7e_01_07_03,
01.07.05,1.7,Example # 5,http://www.wadsworthmedia.com/math/stewart/solution_videos/7e_01_07_05.html,et_02_04_05_en.htm,et_02_04_05_es.htm,7e_01_07_05,
Section 1.8 Continuity,,,,,,,
01.08.02a-d,1.8,Example # 2,http://www.wadsworthmedia.com/math/stewart/solution_videos/7e_01_08_02.html,et_02_05_02_en.htm,et_02_05_02_es.htm,7e_01_08_02,
01.08.08a,1.8,Example # 8,http://www.wadsworthmedia.com/math/stewart/solution_videos/7e_01_08_08.html,et_02_05_08_en.htm,et_02_05_08_es.htm,NO CORRECT FILE,in (b) another function is mentioned
01.08.09,1.8,Example # 9,http://www.wadsworthmedia.com/math/stewart/solution_videos/7e_01_08_09.html,et_02_05_09_en.htm,et_02_05_09_es.htm,7e_01_08_09,
Chapter 2: Derivatives,,,,,,,
Section 2.1 Derivatives and Rates of Change,,,,,,,
02.01.01,2.1,Example # 1,http://www.wadsworthmedia.com/math/stewart/solution_videos/7e_02_01_01.html,et_02_07_01_en.htm,et_02_07_01_es.htm,7e_02_01_01,
02.01.03a-b,2.1,Example # 3,http://www.wadsworthmedia.com/math/stewart/solution_videos/7e_02_01_03.html,et_02_07_04_en.htm,et_02_07_04_es.htm,7e_02_01_03,
02.01.04,2.1,Example # 4,http://www.wadsworthmedia.com/math/stewart/solution_videos/7e_02_01_04.html,et_02_08_01and02_en.htm,et_02_08_01and02_es.htm,NO CORRECT FILE,
02.01.05,2.1,Example # 5,http://www.wadsworthmedia.com/math/stewart/solution_videos/7e_02_01_05.html,et_02_08_01and02_en.htm,et_02_08_01and02_es.htm,NO CORRECT FILE,http://www.wadsworthmedia.com/math/stewart/solution_videos/7e_02_01_04.html
02.01.06a-c,2.1,Example # 6,http://www.wadsworthmedia.com/math/stewart/solution_videos/7e_02_01_06.html,et_02_08_05_en.htm,et_02_08_05_es.htm,7e_02_01_06,part (с) is absent
02.01.07,2.1,Example # 7,http://www.wadsworthmedia.com/math/stewart/solution_videos/7e_02_01_07.html,et_02_08_06_en.htm,et_02_08_06_es.htm,7e_02_01_07,
Section 2.2 The Derivative as a Function,,,,,,,
02.02.01,2.2,Example # 1,http://www.wadsworthmedia.com/math/stewart/solution_videos/7e_02_02_02.html,et_02_09_01_en.htm,et_02_09_01_es.htm,6et_02_08_01,http://www.wadsworthmedia.com/math/stewart/solution_videos/7e_02_02_01.html
02.02.02a-b,2.2,Example # 2,http://www.wadsworthmedia.com/math/stewart/solution_videos/7e_02_02_02.html,et_02_09_03_en.htm,et_02_09_03_es.htm,7e_02_02_02,
02.02.05,2.2,Example # 5,http://www.wadsworthmedia.com/math/stewart/solution_videos/7e_02_02_02.html,et_02_09_06_en.htm,et_02_09_06_es.htm,6et_02_08_05,http://www.wadsworthmedia.com/math/stewart/solution_videos/7e_02_02_05.html
Section 2.3 Differentiation Formulas,,,,,,,
02.03.04,2.3,Example # 4,http://www.wadsworthmedia.com/math/stewart/solution_videos/7e_02_03_04.html,et_03_01_06_en.htm,et_03_01_06_es.htm,7e_02_03_04,
02.03.07,2.3,Example # 7,st_03_03_06,st_03_03_06_en.htm,st_03_03_06_es.htm,st_03_03_06,
02.03.08,2.3,Example # 8,http://www.wadsworthmedia.com/math/stewart/solution_videos/7e_02_03_08.html,,,7e_02_03_08,
Section 2.4 Derivatives of Trigonometric Functions,,,,,,,
02.04.01,2.4,Example # 1,http://www.wadsworthmedia.com/math/stewart/solution_videos/7e_02_04_01.html,et_03_04_01_en.htm,et_03_04_01_es.htm,7e_02_04_01,
02.04.03,2.4,Example # 3,http://www.wadsworthmedia.com/math/stewart/solution_videos/7e_02_04_03.html,et_03_04_03_en.htm,et_03_04_03_es.htm,7e_02_04_03,
02.04.06,2.4,Example # 6,http://www.wadsworthmedia.com/math/stewart/solution_videos/7e_02_04_06.html,et_03_04_05_en.htm,et_03_04_05_es.htm,7e_02_04_06,
Section 2.5 The Chain Rule,,,,,,,
02.05.02a-b,2.5,Example # 2,http://www.wadsworthmedia.com/math/stewart/solution_videos/7e_02_05_02.html,et_03_05_02_en.htm,et_03_05_02_es.htm,7e_02_05_02,
02.05.04,2.5,Example # 4,http://www.wadsworthmedia.com/math/stewart/solution_videos/7e_02_05_04.html,et_03_05_04_en.htm,et_03_05_04_es.htm,7e_02_05_04,
02.05.07,2.5,Example # 7,http://www.wadsworthmedia.com/math/stewart/solution_videos/7e_02_05_07.html,et_03_05_08_en.htm,et_03_05_08_es.htm,7e_02_05_07,
Section 2.6 Implicit Differentiation,,,,,,,
02.06.01a-b,2.6,Example # 1,http://www.wadsworthmedia.com/math/stewart/solution_videos/7e_02_06_01.html,st_03_07_01_en.htm,st_03_07_01_es,NO CORRECT FILE,
02.06.02a-c,2.6,Example # 2,http://www.wadsworthmedia.com/math/stewart/solution_videos/7e_02_06_02.html,et_03_06_02_en.htm,et_03_06_02_es.htm,7e_02_06_02,
Section 2.7 Rates of Change in the Natural and Social Sciences,,,,,,,
02.07.01a-i,2.7,Example # 1,http://www.wadsworthmedia.com/math/stewart/solution_videos/7e_02_07_01.html,"et_03_03_01_en.htm, et_03_07_02_en.htm","et_03_03_01_es.htm, et_03_07_02_es.htm",7e_02_07_01,"parts (g), (h) and (i) are absent"
02.07.03,2.7,Example # 3,http://www.wadsworthmedia.com/math/stewart/solution_videos/7e_02_07_03.html,et_03_03_03_en.htm,et_03_03_03_es.htm,7e_02_07_03,
02.07.08,2.7,Example # 8,http://www.wadsworthmedia.com/math/stewart/solution_videos/7e_02_07_08.html,et_03_03_08_en.htm,et_03_03_08_es.htm,7e_02_07_08,
Section 2.8 Related Rates,,,,,,,
02.08.01,2.8,Example # 1,http://www.wadsworthmedia.com/math/stewart/solution_videos/7e_02_08_01.html,et_03_10_01_en.htm,et_03_10_01_es.htm,7e_02_08_01,
02.08.04,2.8,Example # 4,http://www.wadsworthmedia.com/math/stewart/solution_videos/7e_02_08_04.html,et_03_10_04_en.htm,et_03_10_04_es.htm,7e_02_08_04,
02.08.05,2.8,Example # 5,http://www.wadsworthmedia.com/math/stewart/solution_videos/7e_02_08_05.html,et_03_10_05_en.htm,et_03_10_05_es.htm,7e_02_08_05,
Section 2.9 Linear Approximations and Differentials,,,,,,,
02.09.01,2.9,Example # 1,http://www.wadsworthmedia.com/math/stewart/solution_videos/7e_02_09_01.html,et_03_11_02_en.htm,et_03_11_02_es.htm,7e_02_09_01,
02.09.04,2.9,Example # 4,http://www.wadsworthmedia.com/math/stewart/solution_videos/7e_02_09_04.html,et_03_11_05_en.htm,et_03_11_05_es.htm,7e_02_09_04,
Chapter 3: Applications of Differentiation,,,,,,,
Section 3.1 Maximum and Minimum Values,,,,,,,
03.01.04,3.1,Example # 4,http://www.wadsworthmedia.com/math/stewart/solution_videos/7e_03_01_04.html,et_04_01_04_en.htm,et_04_01_04_es.htm,7e_03_01_04,
03.01.07,3.1,Example # 7,http://www.wadsworthmedia.com/math/stewart/solution_videos/7e_03_01_07.html,et_04_01_07_en.htm,et_04_01_07_es.htm,7e_03_01_07,
03.01.08,3.1,Example # 8,http://www.wadsworthmedia.com/math/stewart/solution_videos/7e_03_01_08.html,et_04_01_08_en.htm,et_04_01_08_es.htm,7e_03_01_08,
Section 3.2 The Mean Value Theorem,,,,,,,
03.02.03,3.2,Example # 3,http://www.wadsworthmedia.com/math/stewart/solution_videos/7e_03_02_03.html,et_04_02_03_en.htm,et_04_02_03_es.htm,7e_03_02_03,
03.02.04,3.2,Example # 4,http://www.wadsworthmedia.com/math/stewart/solution_videos/7e_03_02_04.html,et_04_02_04_en.htm,et_04_02_04_es.htm,7e_03_02_04,
03.02.05,3.2,Example # 5,http://www.wadsworthmedia.com/math/stewart/solution_videos/7e_03_02_05.html,et_04_02_05_en.htm,et_04_02_05_es.htm,7e_03_02_05,
Section 3.3 How Derivatives Affect the Shape of a Graph,,,,,,,
03.03.01,3.3,Example # 1,http://www.wadsworthmedia.com/math/stewart/solution_videos/7e_03_03_01.html,et_04_03_01and02_en.htm,et_04_03_01and02_es.htm,7e_03_03_01,1st part
03.03.02,3.3,Example # 2,http://www.wadsworthmedia.com/math/stewart/solution_videos/7e_03_03_01.html second part of animation,et_04_03_01and02_en.htm,et_04_03_01and02_es.htm,7e_03_03_01,2nd part
03.03.06,3.3,Example # 6,http://www.wadsworthmedia.com/math/stewart/solution_videos/7e_03_03_06.html,et_04_03_06_en.htm,et_04_03_06_es.htm,7e_03_03_06,
Section 3.4 Limits at Infinity; Horizontal Asymptotes,,,,,,,
03.04.03,3.4,Example # 3,http://www.wadsworthmedia.com/math/stewart/solution_videos/7e_03_04_03.html,???,,no,
03.04.11,3.4,Example # 11,http://www.wadsworthmedia.com/math/stewart/solution_videos/7e_03_04_11.html,???,,no,
Section 3.5 Summary of Curve Sketching,,,,,,,
03.05.01,3.5,Example # 1,http://www.wadsworthmedia.com/math/stewart/solution_videos/7e_03_05_01.html,et_04_05_01_en.htm,et_04_05_01_es.htm,7e_03_05_01,
03.05.04,3.5,Example # 4,http://www.wadsworthmedia.com/math/stewart/solution_videos/7e_04_05_06.html,et_04_05_06_en.htm,et_04_05_06_es.htm,6et_04_05_06,http://www.wadsworthmedia.com/math/stewart/solution_videos/7e_03_05_04.html
Section 3.6 Graphing with Calculus and Calculators,,,,,,,
03.06.02,3.6,Example # 2,http://www.wadsworthmedia.com/math/stewart/solution_videos/7e_03_06_02.html,et_04_06_02_en.htm,et_04_06_02_es.htm,7e_03_06_02,
03.06.03,3.6,Example # 3,http://www.wadsworthmedia.com/math/stewart/solution_videos/7e_03_06_03.html,et_04_06_03_en.htm,et_04_06_03_es.htm,7e_03_06_03,
03.06.05,3.6,Example # 5,http://www.wadsworthmedia.com/math/stewart/solution_videos/7e_03_06_05.html,et_04_06_05_en.htm,et_04_06_05_es.htm,7e_03_06_05,
Section 3.7 Optimization Problems,,,,,,,
03.07.02,3.7,Example # 2,http://www.wadsworthmedia.com/math/stewart/solution_videos/7e_03_07_02.html,et_04_07_02_en.htm,et_04_07_02_es.htm,7e_03_07_02,
03.07.03,3.7,Example # 3,http://www.wadsworthmedia.com/math/stewart/solution_videos/7e_03_07_03.html,et_04_07_03_en.htm,et_04_07_03_es.htm,7e_03_07_03,
03.07.05,3.7,Example # 5,http://www.wadsworthmedia.com/math/stewart/solution_videos/7e_03_07_05.html,et_04_07_05_en.htm,et_04_07_05_es.htm,7e_03_07_05,
03.07.06,3.7,Example # 6,http://www.wadsworthmedia.com/math/stewart/solution_videos/7e_03_07_06.html,et_04_08_03_en.htm,et_04_08_03_es.htm,7e_03_07_06,
Section 3.8 Newton's Method,,,,,,,
03.08.01,3.8,Example # 1,http://www.wadsworthmedia.com/math/stewart/solution_videos/7e_03_08_01.html,et_04_09_01_en.htm,et_04_09_01_es.htm,7e_03_08_01,
03.08.02,3.8,Example # 2,http://www.wadsworthmedia.com/math/stewart/solution_videos/7e_03_08_02.html,et_04_09_02_en.htm,et_04_09_02_es.htm,7e_03_08_02,
03.08.03,3.8,Example # 3,http://www.wadsworthmedia.com/math/stewart/solution_videos/7e_03_08_03.html,et_04_09_03_en.htm,et_04_09_03_es.htm,7e_03_08_03,
Section 3.9 Antiderivatives,,,,,,,
03.09.04,3.9,Example # 4,http://www.wadsworthmedia.com/math/stewart/solution_videos/7e_03_09_04.html,et_04_10_04_en.htm,et_04_10_04_es.htm,7e_03_09_04,
03.09.05,3.9,Example # 5,http://www.wadsworthmedia.com/math/stewart/solution_videos/7e_03_09_05.html,et_04_10_05_en.htm,et_04_10_05_es.htm,7e_03_09_05,
03.09.06,3.9,Example # 6,http://www.wadsworthmedia.com/math/stewart/solution_videos/7e_03_09_06.html,et_04_10_07_en.htm,et_04_10_07_es.htm,7e_03_09_06,
Chapter 4: Integrals,,,,,,,
Section 4.1 Areas and Distances,,,,,,,
04.01.01,4.1,Example # 1,http://www.wadsworthmedia.com/math/stewart/solution_videos/7e_04_01_01.html,et_05_01_01_en.htm,et_05_01_01_es.htm,7e_04_01_01,
04.01.02,4.1,Example # 2,http://www.wadsworthmedia.com/math/stewart/solution_videos/7e_04_01_02.html,et_05_01_02_en.htm,et_05_01_02_es.htm,7e_04_01_02,
04.01.04,4.1,Example # 4,http://www.wadsworthmedia.com/math/stewart/solution_videos/7e_04_01_04.html,et_05_01_04_en.htm,et_05_01_04_es.htm,7e_04_01_04,
Section 4.2 The Definite Integral,,,,,,,
04.02.04a-b,4.2,Example # 4,http://www.wadsworthmedia.com/math/stewart/solution_videos/7e_04_02_04.html,et_05_02_04_en.htm,et_05_02_04_es.htm,7e_04_02_04,
04.02.05,4.2,Example # 5,http://www.wadsworthmedia.com/math/stewart/solution_videos/7e_04_02_05.html,et_05_02_05_en.htm,et_05_02_05_es.htm,7e_04_02_05,
04.02.07,4.2,Example # 7,http://www.wadsworthmedia.com/math/stewart/solution_videos/7e_04_02_07.html,et_05_02_07_en.htm,et_05_02_07_es.htm,7e_04_02_07,
Section 4.3 The Fundamental Theorem of Calculus,,,,,,,
04.03.01,4.3,Example # 1,http://www.wadsworthmedia.com/math/stewart/solution_videos/7e_04_03_01.html,et_05_03_01_en.htm,et_05_03_01_es.htm,7e_04_03_01,
04.03.02,4.3,Example # 2,http://www.wadsworthmedia.com/math/stewart/solution_videos/7e_04_03_02.html,et_05_03_02_en.htm,et_05_03_02_es.htm,7e_04_03_02,
04.03.05,4.3,Example # 5,http://www.wadsworthmedia.com/math/stewart/solution_videos/7e_04_03_05.html,et_05_03_05_en.htm,et_05_03_05_es.htm,7e_04_03_05,"here it says about the function e^x, while SM states x^3"
Section 4.4 Indefinite Integrals and the Net Change Theorem,,,,,,,
04.04.02,4.4,Example # 2,http://www.wadsworthmedia.com/math/stewart/solution_videos/7e_04_04_02.html,et_05_04_02_en.htm,et_05_04_02_es.htm,7e_04_04_02,
04.04.06a-b,4.4,Example # 6,http://www.wadsworthmedia.com/math/stewart/solution_videos/7e_04_04_06.html,et_05_04_06_en.htm,et_05_04_06_es.htm,7e_04_04_06,
Section 4.5 The Substitution Rule,,,,,,,
04.05.03,4.5,Example # 3,http://www.wadsworthmedia.com/math/stewart/solution_videos/7e_04_05_03.html,et_05_05_03_en.htm,et_05_05_03_es.htm,7e_04_05_03,
04.05.06,4.5,Example # 6,http://www.wadsworthmedia.com/math/stewart/solution_videos/7e_04_05_06.html,et_05_05_06_en.htm,et_05_05_06_es.htm,7e_04_05_06,
04.05.08,4.5,Example # 8,,no provided,no provided,no html file,no link
Chapter 5: Applications of Integration,,,,,,,
Section 5.1 Areas Between Curves,,,,,,,
05.01.02,5.1,Example # 2,http://www.wadsworthmedia.com/math/stewart/solution_videos/7e_05_01_02.html,et_06_01_02_en.htm,et_06_01_02_es.htm,7e_05_01_02,
05.01.05,5.1,Example # 5,http://www.wadsworthmedia.com/math/stewart/solution_videos/7e_05_01_05.html,et_06_01_05_en.htm,et_06_01_05_es.htm,7e_05_01_05,
05.01.06,5.1,Example # 6,http://www.wadsworthmedia.com/math/stewart/solution_videos/7e_05_01_06.html,et_06_01_06_en.htm,et_06_01_06_es.htm,7e_05_01_06,
Section 5.2 Volumes,,,,,,,
05.02.02,5.2,Example # 2,http://www.wadsworthmedia.com/math/stewart/solution_videos/7e_05_02_02.html,et_06_02_02_en.htm,et_06_02_02_es.htm,7e_05_02_02,
05.02.03,5.2,Example # 3,http://www.wadsworthmedia.com/math/stewart/solution_videos/7e_05_02_03.html,et_06_02_03_en.htm,et_06_02_03_es.htm,7e_05_02_03,
05.02.08,5.2,Example # 8,http://www.wadsworthmedia.com/math/stewart/solution_videos/7e_05_02_08.html,et_06_02_08_en.htm,et_06_02_08_es.htm,7e_05_02_08,
Section 5.3 Volumes by Cylindrical Shells,,,,,,,
05.03.02,5.3,Example # 2,http://www.wadsworthmedia.com/math/stewart/solution_videos/7e_05_03_02.html,et_06_03_02_en.htm,et_06_03_02_es.htm,7e_05_03_02,
05.03.03,5.3,Example # 3,http://www.wadsworthmedia.com/math/stewart/solution_videos/7e_05_03_03.html,et_06_03_03_en.htm,et_06_03_03_es.htm,7e_05_03_03,
05.03.04,5.3,Example # 4,http://www.wadsworthmedia.com/math/stewart/solution_videos/7e_05_03_04.html,et_06_03_04_en.htm,et_06_03_04_es.htm,7e_05_03_04,
Section 5.4 Work,,,,,,,
05.04.01a-b,5.4,Example # 1,http://www.wadsworthmedia.com/math/stewart/solution_videos/7e_05_04_01.html,et_06_04_01_en.htm,et_06_04_01_es.htm,7e_05_04_01,
05.04.04,5.4,Example # 4,http://www.wadsworthmedia.com/math/stewart/solution_videos/7e_05_04_04.html,et_06_04_04_en.htm,et_06_04_04_es.htm,7e_05_04_04,
Section 5.5 Average Value of a Function,,,,,,,
05.05.01,5.5,Example # 1,http://www.wadsworthmedia.com/math/stewart/solution_videos/7e_05_05_01.html,et_06_05_01_en.htm,et_06_05_01_es.htm,7e_05_05_01,
05.05.02,5.5,Example # 2,http://www.wadsworthmedia.com/math/stewart/solution_videos/7e_05_05_02.html,et_06_05_02_en.htm,et_06_05_02_es.htm,7e_05_05_02,
05.05.03,5.5,Example # 3,http://www.wadsworthmedia.com/math/stewart/solution_videos/7e_05_05_03.html,et_06_05_03_en.htm,et_06_05_03_es.htm,7e_05_05_03,
"Chapter 6: Inverse Functions: Exponential, Logarithmic, and Inverse Trigonometric Functions",,,,,,,
Section 6.1 Inverse Functions,,,,,,,
06.01.01,6.1,Example # 1,http://www.wadsworthmedia.com/math/stewart/solution_videos/7e_06_01_01.html,et_01_06_01_02_en.htm,et_01_06_01_02_es.htm,7e_06_01_01,
06.01.02,6.1,Example # 2,http://www.wadsworthmedia.com/math/stewart/solution_videos/7e_06_01_01.html (second part),et_01_06_01_02_en.htm,et_01_06_01_02_es.htm,7e_06_01_01,
06.01.03,6.1,Example # 3,http://www.wadsworthmedia.com/math/stewart/solution_videos/7e_06_01_03.html,st_07_01_03_en.htm,st_07_01_03_es.htm,7e_06_01_03,
06.01.04,6.1,Example # 4,http://www.wadsworthmedia.com/math/stewart/solution_videos/7e_06_01_04.html,et_01_06_04_en.htm,et_01_06_04_es.htm,7e_06_01_04,
06.01.07,6.1,Example # 7,st_07_01_07,st_07_01_07_en.htm,st_07_01_07_es.htm,st_07_01_07,
Section 6.2 Exponential Functions and Their Derivatives,,,,,,,
06.02.02,6.2,Example # 2,st_07_02_02,st_07_02_02_en.htm,st_07_02_02_es.htm,st_07_02_02,
06.02.05,6.2,Example # 5,st_07_02_05,st_07_02_05_en.htm,st_07_02_05_es.htm,st_07_02_05,
06.02.08,6.2,Example # 8,st_07_02_08,st_07_02_08_en.htm,st_07_02_08_es.htm,st_07_02_08,
Section 6.3 Logarithmic Functions,,,,,,,
06.03.05,6.3,Example # 5,st_07_03_05,st_07_03_05_en.htm,st_07_03_05_es.htm,st_07_03_05,
06.03.08,6.3,Example # 8,st_07_03_09,st_07_03_09_en.htm,st_07_03_09_es.htm,st_07_03_09,
Section 6.4 Derivatives of Logarithmic Functions,,,,,,,
06.04.01,6.4,Example # 1,http://www.wadsworthmedia.com/math/stewart/solution_videos/7e_06_04_01.html,et_03_08_01_en.htm,et_03_08_01_es.htm,7e_06_04_01,
06.04.02,6.4,Example # 2,st_07_04_02,st_07_04_02_en.htm,st_07_04_02_es.htm,st_07_04_02,
06.04.07,6.4,Example # 7,http://www.wadsworthmedia.com/math/stewart/solution_videos/7e_06_04_06.html,et_03_08_06_en.htm,et_03_08_06_es.htm,NO FILE,"http://www.wadsworthmedia.com/math/stewart/solution_videos/7e_06_04_07.html, coinsides with С 06.02star.10"
06.04.09,6.4,Example # 9,st_07_04_09,st_07_04_09_en.htm,st_07_04_09_es.htm,st_07_04_09,
06.04.10,6.4,Example # 10,http://www.wadsworthmedia.com/math/stewart/solution_videos/7e_06_04_10.html,??,,NO FILE,coinsides with С 06.02star.12
06.04.11,6.4,Example # 11,http://www.wadsworthmedia.com/math/stewart/solution_videos/7e_06_04_11.html,??,,NO FILE,coinsides with С 06.02star.13
06.04.16,6.4,Example # 16,st_07_04_16,st_07_04_16_en.htm,st_07_04_16_es.htm,st_07_04_16,
Section 6.2* The Natural Logarithmic Function,,,,,,,
06.02star.01a-b,6.02star,Example # 1,et_05_06_01,et_05_06_01_en,et_05_06_01_es,NO FILE,
06.02star.03,6.02star,Example # 3,http://www.wadsworthmedia.com/math/stewart/solution_videos/7e_06_02star_03.html,et_01_06_09_en.htm,et_01_06_09_es.htm,7e_06_02star_03,
06.02star.05,6.02star,Example # 5,http://www.wadsworthmedia.com/math/stewart/solution_videos/7e_06_02star_05.html,st_07_02a_05_en,st_07_02a_05_es,NO FILE,st_07_02a_05 (minor differensies)
06.02star.06,6.02star,Example # 6,st_07_04_02,st_07_04_02_en.htm,st_07_04_02_es,st_07_04_02,
06.02star.10,6.02star,Example # 10,http://www.wadsworthmedia.com/math/stewart/solution_videos/7e_06_02star_10.html,et_03_08_06_en.htm,et_03_08_06_es.htm,7e_06_02star_10,coinsides with 06.04.07
06.02star.11,6.02star,Example # 11,st_07_04_09,st_07_04_09_en.htm,st_07_04_09_es.htm,st_07_04_09,
06.02star.12,6.02star,Example # 12,http://www.wadsworthmedia.com/math/stewart/solution_videos/7e_06_02star_12.html,,,NO FILE,coinsides with С 06.04.10
06.02star.13,6.02star,Example # 13,http://www.wadsworthmedia.com/math/stewart/solution_videos/7e_06_02star_13.html,??,,NO FILE,coinsides with С 06.04.11
06.02star.14,6.02star,Example # 14,st_07_02a_14,st_07_02a_14_en,st_07_02a_14_es,st_07_02a_14,NO ENGLISH
Section 6.3* The Natural Exponential Function,,,,,,,
06.03star.02,6.03star,Example # 2,st_07_03_05,st_07_03_05_en.htm,st_07_03_05_es,st_07_03_05,
06.03star.04,6.03star,Example # 4,st_07_02_02,st_07_02_02_en.htm,st_07_02_02_es,st_07_02_02,
06.03star.06,6.03star,Example # 6,st_07_02_05,st_07_02_05_en.htm,st_07_02_05_es.htm,st_07_02_05,
06.03star.08,6.03star,Example # 8,st_07_02_08,st_07_02_08_en.htm,st_07_02_08_es.htm,st_07_02_08,
Section 6.4* General Logarithmic and Exponential Functions,,,,,,,
06.04star.03,6.04star,Example # 3,st_07_04a_03,st_07_04a_03_en.htm,st_07_04a_03_es.htm,NO FILE,
06.04star.04,6.04star,Example # 4,st_07_04_16,st_07_04_16_en.htm,st_07_04_16_es.htm,st_07_04_16,
06.04star.06,6.04star,Example # 6,st_07_04a_06,st_07_04a_06_en.htm,st_07_04a_06_es.htm,st_07_04a_06,
Section 6.5 Exponential Growth and Decay,,,,,,,
06.05.01,6.5,Example # 1,http://www.wadsworthmedia.com/math/stewart/solution_videos/7e_06_05_01.html,et_09_04_02_en.htm,et_09_04_02_es.htm,7e_06_05_01,
06.05.02a-c,6.5,Example # 2,http://www.wadsworthmedia.com/math/stewart/solution_videos/7e_06_05_02.html,et_09_04_03_en.htm,et_09_04_03_es.htm,7e_06_05_02,
Section 6.6 Inverse Trigonometric Functions,,,,,,,
06.06.02,6.6,Example # 2,st_07_05_03,st_07_05_03_en.htm,st_07_05_03_es.htm,st_07_05_03,
06.06.05a,6.6,Example # 5,http://www.wadsworthmedia.com/math/stewart/solution_videos/7e_06_06_05.html,et_03_06_05_en.htm,et_03_06_05_es.htm,7e_06_06_05,
Section 6.7 Hyperbolic Functions,,,,,,,
06.07.01a-b,6.7,Example # 1,http://www.wadsworthmedia.com/math/stewart/solution_videos/7e_06_07_01.html,et_03_09_01_en.htm,et_03_09_01_es.htm,7e_06_07_01,
06.07.02,6.7,Example # 2,st_07_06_02,st_07_06_02_en.htm,st_07_06_02_es.htm,st_07_06_02,
06.07.04,6.7,Example # 4,http://www.wadsworthmedia.com/math/stewart/solution_videos/7e_06_07_04.html,et_03_09_04_en.htm,et_03_09_04_es.htm,NO CORRECT FILE,
06.07.05,6.7,Example # 5,http://www.wadsworthmedia.com/math/stewart/solution_videos/7e_06_07_05.html,et_03_09_05_en.htm,et_03_09_05_es.htm,7e_06_07_05,
Section 6.8 Indeterminate Forms and l'Hospital's Rule,,,,,,,
06.08.01,6.8,Example # 1,http://www.wadsworthmedia.com/math/stewart/solution_videos/7e_06_08_01.html,et_04_04_01_en.htm,et_04_04_01_es.htm,7e_06_08_01,
06.08.02,6.8,Example # 2,,no provided,no provided,no html file,no link
06.08.03,6.8,Example # 3,http://www.wadsworthmedia.com/math/stewart/solution_videos/7e_06_08_03.html,et_04_04_03_en.htm,et_04_04_03_es.htm,7e_06_08_03,
06.08.05,6.8,Example # 5,,no provided,no provided,no html file,no link
06.08.06,6.8,Example # 6,http://www.wadsworthmedia.com/math/stewart/solution_videos/7e_06_08_06.html,et_04_04_06_en.htm,et_04_04_06_es.htm,7e_06_08_06,
06.08.10,6.8,Example # 10,,no provided,no provided,no html file,no link
Chapter 7: Techniques of Integration,,,,,,,
7.1 Integration by Parts,,,,,,,
07.01.02,7.1,Example 2,http://www.wadsworthmedia.com/math/stewart/solution_videos/6et_07_01_02.html,,,,
07.01.03,7.1,Example 3,http://www.wadsworthmedia.com/math/stewart/solution_videos/6et_07_01_03.html,,,,
07.01.04,7.1,Example 4,http://www.wadsworthmedia.com/math/stewart/solution_videos/6et_07_01_04.html,,,,
7.2 Trigonometric Integrals,,,,,,,
07.02.02,7.2,Example 2,http://www.wadsworthmedia.com/math/stewart/solution_videos/6et_07_02_02.html,,,,
07.02.03,7.2,Example 3,http://www.wadsworthmedia.com/math/stewart/solution_videos/6et_07_02_03.html,,,,
07.02.05,7.2,Example 5,http://www.wadsworthmedia.com/math/stewart/solution_videos/6et_07_02_05.html,,,,
7.3 Trigonometric Substitution,,,,,,,
07.03.01,7.3,Example 1,http://www.wadsworthmedia.com/math/stewart/solution_videos/6et_07_03_01.html,,,,
07.03.02,7.3,Example 2,http://www.wadsworthmedia.com/math/stewart/solution_videos/6et_07_03_02.html,,,,
07.03.03,7.3,Example 3,http://www.wadsworthmedia.com/math/stewart/solution_videos/6et_07_03_03.html,,,,
7.4 Integration of Rational Functions by Partial Fractions,,,,,,,
07.04.01,7.4,Example 1,http://www.wadsworthmedia.com/math/stewart/solution_videos/6et_07_04_01.html,,,,
07.04.02,7.4,Example 2,http://www.wadsworthmedia.com/math/stewart/solution_videos/6et_07_04_02.html,,,,
07.04.05,7.4,Example 5,http://www.wadsworthmedia.com/math/stewart/solution_videos/6et_07_04_05.html,,,,
7.5 Strategy for Integration,,,,,,,
07.05.02,7.5,Example 2,http://www.wadsworthmedia.com/math/stewart/solution_videos/6et_07_05_02.html,,,,
07.05.04,7.5,Example 4,http://www.wadsworthmedia.com/math/stewart/solution_videos/6et_07_05_04.html,,,,
07.05.05,7.5,Example 5,http://www.wadsworthmedia.com/math/stewart/solution_videos/6et_07_05_05.html,,,,
7.6 Integration Using Tables and Computer Algebra Systems,,,,,,,
07.06.02,7.6,Example 2,http://www.wadsworthmedia.com/math/stewart/solution_videos/6et_07_06_02.html,,,,
07.06.04,7.6,Example 4,http://www.wadsworthmedia.com/math/stewart/solution_videos/6et_07_06_04.html,,,,
7.7 Approximate Integration,,,,,,,
07.07.02,7.7,Example 2,http://www.wadsworthmedia.com/math/stewart/solution_videos/6et_07_07_02.html,,,,
07.07.03a-b,7.7,Example 3,http://www.wadsworthmedia.com/math/stewart/solution_videos/6et_07_07_03.html,,,,
07.07.05,7.7,Example 5,http://www.wadsworthmedia.com/math/stewart/solution_videos/6et_07_07_05.html,,,,
7.8 Improper Integrals,,,,,,,
07.08.01,7.8,Example 1,http://www.wadsworthmedia.com/math/stewart/solution_videos/6et_07_08_01.html,,,,
07.08.06,7.8,Example 6,http://www.wadsworthmedia.com/math/stewart/solution_videos/6et_07_08_06.html,,,,
07.08.09,7.8,Example 9,http://www.wadsworthmedia.com/math/stewart/solution_videos/6et_07_08_09.html,,,,
Chapter 8: Further Applications of Integration,,,,,,,
8.1 Arc Length,,,,,,,
08.01.02,8.1,Example 2,http://www.wadsworthmedia.com/math/stewart/solution_videos/6et_08_01_02.html,,,,
08.01.03a-b,8.1,Example 3,http://www.wadsworthmedia.com/math/stewart/solution_videos/6et_08_01_03.html,,,,
08.01.04,8.1,Example 4,http://www.wadsworthmedia.com/math/stewart/solution_videos/6et_08_01_04.html,,,,
8.2 Area of a Surface of Revolution,,,,,,,
08.02.01,8.2,Example 1,http://www.wadsworthmedia.com/math/stewart/solution_videos/6et_08_02_01.html,,,,
08.02.02,8.2,Example 2,http://www.wadsworthmedia.com/math/stewart/solution_videos/6et_08_02_02.html,,,,
08.02.03,8.2,Example 3,http://www.wadsworthmedia.com/math/stewart/solution_videos/6et_08_02_03.html,,,,
8.3 Applications to Physics and Engineering,,,,,,,
08.03.01,8.3,Example 1,http://www.wadsworthmedia.com/math/stewart/solution_videos/6et_08_03_01.html,,,,
08.03.03,8.3,Example 3,http://www.wadsworthmedia.com/math/stewart/solution_videos/6et_08_03_03.html,,,,
08.03.07,8.3,Example 7,http://www.wadsworthmedia.com/math/stewart/solution_videos/6et_08_03_07.html,,,,
8.4 Applications to Economics and Biology,,,,,,,
08.04.01,8.4,Example 1,http://www.wadsworthmedia.com/math/stewart/solution_videos/6et_08_04_01.html,,,,
08.04.02,8.4,Example 2,http://www.wadsworthmedia.com/math/stewart/solution_videos/6et_08_04_02.html,,,,
8.5 Probability,,,,,,,
08.05.02,8.5,Example 2,http://www.wadsworthmedia.com/math/stewart/solution_videos/6et_08_05_02.html,,,,
08.05.04,8.5,Example 4,http://www.wadsworthmedia.com/math/stewart/solution_videos/6et_08_05_04.html,,,,
08.05.05,8.5,Example 5,http://www.wadsworthmedia.com/math/stewart/solution_videos/6et_08_05_05.html,,,,
Chapter 9: Differential Equations,,,,,,,
9.1 Modeling with Differential Equations,,,,,,,
09.01.01,9.1,Example 1,http://www.wadsworthmedia.com/math/stewart/solution_videos/6et_09_01_01.html,,,,
09.01.02,9.1,Example 2,http://www.wadsworthmedia.com/math/stewart/solution_videos/6et_09_01_02.html,,,,
9.2 Direction Fields and Euler's Method,,,,,,,
09.02.01,9.2,Example 1,http://www.wadsworthmedia.com/math/stewart/solution_videos/6et_09_02_01.html,,,,
09.02.02,9.2,Example 2,http://www.wadsworthmedia.com/math/stewart/solution_videos/6et_09_02_02.html,,,,
09.02.04,9.2,Example 4,http://www.wadsworthmedia.com/math/stewart/solution_videos/6et_09_02_04.html,,,,
9.3 Separable Equations,,,,,,,
09.03.02,9.3,Example 2,http://www.wadsworthmedia.com/math/stewart/solution_videos/6et_09_03_02.html,,,,
09.03.04,9.3,Example 4,http://www.wadsworthmedia.com/math/stewart/solution_videos/6et_09_03_04.html,,,,
09.03.05,9.3,Example 5,http://www.wadsworthmedia.com/math/stewart/solution_videos/6et_09_03_05.html,,,,
9.4 Models for Population Growth,,,,,,,
09.04.01,9.4,Example 1,http://www.wadsworthmedia.com/math/stewart/solution_videos/6et_09_04_01.html,,,,
09.04.03,9.4,Example 3,http://www.wadsworthmedia.com/math/stewart/solution_videos/6et_09_04_03.html,,,,
9.5 Linear Equations,,,,,,,
09.05.01,9.5,Example 1,http://www.wadsworthmedia.com/math/stewart/solution_videos/6et_09_05_01.html,,,,
09.05.02,9.5,Example 2,http://www.wadsworthmedia.com/math/stewart/solution_videos/6et_09_05_02.html,,,,
09.05.04,9.5,Example 4,http://www.wadsworthmedia.com/math/stewart/solution_videos/6et_09_05_04.html,,,,
9.6 Predator-Prey Systems,,,,,,,
09.06.01a-e,9.6,Example 1,http://www.wadsworthmedia.com/math/stewart/solution_videos/6et_09_06_01.html,,,,
Chapter 10: Parametric Equations and Polar Coordinates,,,,,,,
10.1 Curves Defined by Parametric Equations,,,,,,,
10.01.02,10.1,Example 2,http://www.wadsworthmedia.com/math/stewart/solution_videos/6et_10_01_02.html,,,,
10.01.05,10.1,Example 5,http://www.wadsworthmedia.com/math/stewart/solution_videos/6et_10_01_05.html,,,,
10.01.08,10.1,Example 8,http://www.wadsworthmedia.com/math/stewart/solution_videos/6et_10_01_08.html,,,,
10.2 Calculus with Parametric Curves,,,,,,,
10.02.02a-b,10.2,Example 2,http://www.wadsworthmedia.com/math/stewart/solution_videos/6et_10_02_02.html,,,,
10.02.03,10.2,Example 3,http://www.wadsworthmedia.com/math/stewart/solution_videos/6et_10_02_03.html,,,,
10.02.05,10.2,Example 5,http://www.wadsworthmedia.com/math/stewart/solution_videos/6et_10_02_05.html,,,,
10.3 Polar Coordinates,,,,,,,
10.03.04,10.3,Example 4,http://www.wadsworthmedia.com/math/stewart/solution_videos/6et_10_03_04.html,,,,
10.03.07,10.3,Example 7,http://www.wadsworthmedia.com/math/stewart/solution_videos/6et_10_03_07.html,,,,
10.03.11,10.3,Example 11,http://www.wadsworthmedia.com/math/stewart/solution_videos/6et_10_03_11.html,,,,
10.4 Areas and Lengths in Polar Coordinates,,,,,,,
10.04.01,10.4,Example 1,http://www.wadsworthmedia.com/math/stewart/solution_videos/6et_10_04_01.html,,,,
10.04.02,10.4,Example 2,http://www.wadsworthmedia.com/math/stewart/solution_videos/6et_10_04_02.html,,,,
10.04.04,10.4,Example 4,http://www.wadsworthmedia.com/math/stewart/solution_videos/6et_10_04_04.html,,,,
10.5 Conic Sections,,,,,,,
10.05.02,10.5,Example 2,http://www.wadsworthmedia.com/math/stewart/solution_videos/6et_10_05_02.html,,,,
10.05.03,10.5,Example 3,http://www.wadsworthmedia.com/math/stewart/solution_videos/6et_10_05_03.html,,,,
10.05.07,10.5,Example 7,http://www.wadsworthmedia.com/math/stewart/solution_videos/6et_10_05_07.html,,,,
10.6 Conic Sections in Polar Coordinates,,,,,,,
10.06.01,10.6,Example 1,http://www.wadsworthmedia.com/math/stewart/solution_videos/6et_10_06_01.html,,,,
10.06.02,10.6,Example 2,http://www.wadsworthmedia.com/math/stewart/solution_videos/6et_10_06_02.html,,,,
10.06.04,10.6,Example 4,http://www.wadsworthmedia.com/math/stewart/solution_videos/6et_10_06_04.html,,,,
Chapter 11: Infinite Sequences and Series,,,,,,,
11.1 Sequences,,,,,,,
11.01.02,11.1,Example 2,http://www.wadsworthmedia.com/math/stewart/solution_videos/6et_11_01_02.html,,,,
11.01.10,11.1,Example 10,http://www.wadsworthmedia.com/math/stewart/solution_videos/6et_11_01_10.html,,,,
11.01.11,11.1,Example 11,http://www.wadsworthmedia.com/math/stewart/solution_videos/7et_11_01_11.html,,,,
11.2 Series,,,,,,,
11.02.03,11.2,Example 3,http://www.wadsworthmedia.com/math/stewart/solution_videos/7et_11_02_03.html,,,,
11.02.05,11.2,Example 5,http://www.wadsworthmedia.com/math/stewart/solution_videos/7et_11_02_05.html,,,,
11.02.08,11.2,Example 8,http://www.wadsworthmedia.com/math/stewart/solution_videos/7et_11_02_08.html,,,,
11.3 The Integral Test and Estimates of Sums,,,,,,,
11.03.02,11.3,Example 2,http://www.wadsworthmedia.com/math/stewart/solution_videos/6et_11_03_02.html,,,,
11.03.04,11.3,Example 4,http://www.wadsworthmedia.com/math/stewart/solution_videos/6et_11_03_04.html,,,,
11.03.05a-b,11.3,Example 5,http://www.wadsworthmedia.com/math/stewart/solution_videos/6et_11_03_05.html,,,,
11.4 The Comparison Tests,,,,,,,
11.04.01,11.4,Example 1,http://www.wadsworthmedia.com/math/stewart/solution_videos/6et_11_04_01.html,,,,
11.04.02,11.4,Example 2,http://www.wadsworthmedia.com/math/stewart/solution_videos/6et_11_04_02.html,,,,
11.04.05,11.4,Example 5,http://www.wadsworthmedia.com/math/stewart/solution_videos/6et_11_04_05.html,,,,
11.5 Alternating Series,,,,,,,
11.05.01,11.5,Example 1,http://www.wadsworthmedia.com/math/stewart/solution_videos/6et_11_05_01.html,,,,
11.05.02,11.5,Example 2,http://www.wadsworthmedia.com/math/stewart/solution_videos/6et_11_05_02.html,,,,
11.05.04,11.5,Example 4,http://www.wadsworthmedia.com/math/stewart/solution_videos/6et_11_05_04.html,,,,
11.6 Absolute Convergence and the Ratio and Root Tests,,,,,,,
11.06.03,11.6,Example 3,http://www.wadsworthmedia.com/math/stewart/solution_videos/6et_11_06_03.html,,,,
11.06.05,11.6,Example 5,http://www.wadsworthmedia.com/math/stewart/solution_videos/6et_11_06_05.html,,,,
11.06.06,11.6,Example 6,http://www.wadsworthmedia.com/math/stewart/solution_videos/6et_11_06_06.html,,,,
11.7 Strategy for Testing Series,,,,,,,
11.07.01,11.7,Example 1,http://www.wadsworthmedia.com/math/stewart/solution_videos/6et_11_07_01.html,,,,
11.07.03,11.7,Example 3,http://www.wadsworthmedia.com/math/stewart/solution_videos/6et_11_07_03.html,,,,
11.07.05,11.7,Example 5,http://www.wadsworthmedia.com/math/stewart/solution_videos/6et_11_07_05.html,,,,
11.8 Power Series,,,,,,,
11.08.01,11.8,Example 1,http://www.wadsworthmedia.com/math/stewart/solution_videos/6et_11_08_01.html,,,,
11.08.02,11.8,Example 2,http://www.wadsworthmedia.com/math/stewart/solution_videos/6et_11_08_02.html,,,,
11.08.05,11.8,Example 5,http://www.wadsworthmedia.com/math/stewart/solution_videos/6et_11_08_05.html,,,,
11.9 Representations of Functions as Power Series,,,,,,,
11.09.01,11.9,Example 1,http://www.wadsworthmedia.com/math/stewart/solution_videos/6et_11_09_01.html,,,,
11.09.05,11.9,Example 5,http://www.wadsworthmedia.com/math/stewart/solution_videos/6et_11_09_05.html,,,,
11.09.07,11.9,Example 7,http://www.wadsworthmedia.com/math/stewart/solution_videos/6et_11_09_07.html,,,,
11.10 Taylor and Maclaurin Series,,,,,,,
11.10.01,11.1,Example 1,http://www.wadsworthmedia.com/math/stewart/solution_videos/6et_11_10_01.html,,,,
11.10.02,11.1,Example 2,http://www.wadsworthmedia.com/math/stewart/solution_videos/6et_11_10_02.html,,,,
11.10.09,11.1,Example 9,http://www.wadsworthmedia.com/math/stewart/solution_videos/6et_11_10_09.html,,,,
11.10.11a-b,11.1,Example 11,http://www.wadsworthmedia.com/math/stewart/solution_videos/7et_11_10_11.html,,,,
11.11 Applications of Taylor Polynomials,,,,,,,
11.11.01a-b,11.11,Example 1,http://www.wadsworthmedia.com/math/stewart/solution_videos/6et_11_11_01.html,,,,
11.11.02a-b,11.11,Example 2,http://www.wadsworthmedia.com/math/stewart/solution_videos/6et_11_11_02.html,,,,
11.11.03a-b,11.11,Example 3,http://www.wadsworthmedia.com/math/stewart/solution_videos/6et_11_11_03.html,,,,
Chapter 12: Vectors and the Geometry of Space,,,,,,,
12.1 Three-Dimensional Coordinate Systems,,,,,,,
12.01.01a-b,12.1,Example 1,http://www.wadsworthmedia.com/math/stewart/solution_videos/6et_12_01_01.html ,,,,
12.01.03,12.1,Example 3,http://www.wadsworthmedia.com/math/stewart/solution_videos/7et_12_01_03.html,,,,
12.01.05,12.1,Example 5,http://www.wadsworthmedia.com/math/stewart/solution_videos/7et_12_01_05.html,,,,
12.2 Vectors,,,,,,,
12.02.01,12.2,Example 1,http://www.wadsworthmedia.com/math/stewart/solution_videos/6et_12_02_01.html,,,,
12.02.03,12.2,Example 3,http://www.wadsworthmedia.com/math/stewart/solution_videos/6et_12_02_03.html,,,,
12.02.04,12.2,Example 4,http://www.wadsworthmedia.com/math/stewart/solution_videos/6et_12_02_04.html,,,,
12.3 The Dot Product,,,,,,,
12.03.01,12.3,Example 1,http://www.wadsworthmedia.com/math/stewart/solution_videos/6et_12_03_01.html,,,,
12.03.03,12.3,Example 3,http://www.wadsworthmedia.com/math/stewart/solution_videos/6et_12_03_03.html,,,,
12.03.06,12.3,Example 6,http://www.wadsworthmedia.com/math/stewart/solution_videos/6et_12_03_06.html,,,,
12.4 The Cross Product,,,,,,,
12.04.01,12.4,Example 1,http://www.wadsworthmedia.com/math/stewart/solution_videos/6et_12_04_01.html,,,,
12.04.02,12.4,Example 2,http://www.wadsworthmedia.com/math/stewart/solution_videos/6et_12_04_02.html,,,,
12.04.05,12.4,Example 5,http://www.wadsworthmedia.com/math/stewart/solution_videos/6et_12_04_05.html,,,,
12.5 Equations of Lines and Planes,,,,,,,
12.05.03,12.5,Example 3,http://www.wadsworthmedia.com/math/stewart/solution_videos/6et_12_05_03.html,,,,
12.05.04,12.5,Example 4,http://www.wadsworthmedia.com/math/stewart/solution_videos/6et_12_05_04.html,,,,
12.05.07a-b,12.5,Example 7,http://www.wadsworthmedia.com/math/stewart/solution_videos/6et_12_05_07.html,,,,
12.6 Cylinders and Quadric Surfaces,,,,,,,
12.06.01,12.6,Example 1,http://www.wadsworthmedia.com/math/stewart/solution_videos/6et_12_06_01.html,,,,
12.06.05,12.6,Example 5,http://www.wadsworthmedia.com/math/stewart/solution_videos/6et_12_06_05.html,,,,
12.06.07,12.6,Example 7,http://www.wadsworthmedia.com/math/stewart/solution_videos/6et_12_06_07.html,,,,
Chapter 13: Vector Functions,,,,,,,
13.1 Vector Functions and Space Curves,,,,,,,
13.01.03,13.1,Example 3,http://www.wadsworthmedia.com/math/stewart/solution_videos/6et_13_01_03.html,,,,
13.01.04,13.1,Example 4,http://www.wadsworthmedia.com/math/stewart/solution_videos/6et_13_01_04.html,,,,
13.01.06,13.1,Example 6,http://www.wadsworthmedia.com/math/stewart/solution_videos/6et_13_01_06.html,,,,
13.2 Derivatives and Integrals of Vector Functions,,,,,,,
13.02.01a-b,13.2,Example 1,http://www.wadsworthmedia.com/math/stewart/solution_videos/6et_13_02_01.html,,,,
13.02.03,13.2,Example 3,http://www.wadsworthmedia.com/math/stewart/solution_videos/6et_13_02_03.html,,,,
13.02.04,13.2,Example 4,http://www.wadsworthmedia.com/math/stewart/solution_videos/7et_13_02_04.html,,,,
13.3 Arc Length and Curvature,,,,,,,
13.03.01,13.3,Example 1,http://www.wadsworthmedia.com/math/stewart/solution_videos/6et_13_03_01.html,,,,
13.03.03,13.3,Example 3,http://www.wadsworthmedia.com/math/stewart/solution_videos/6et_13_03_03.html,,,,
13.03.07,13.3,Example 7,http://www.wadsworthmedia.com/math/stewart/solution_videos/6et_13_03_07.html,,,,
13.4 Motion in Space: Velocity and Acceleration,,,,,,,
13.04.03,13.4,Example 3,http://www.wadsworthmedia.com/math/stewart/solution_videos/6et_13_04_03.html,,,,
13.04.05,13.4,Example 5,http://www.wadsworthmedia.com/math/stewart/solution_videos/6et_13_04_05.html,,,,
13.04.06,13.4,Example 6,http://www.wadsworthmedia.com/math/stewart/solution_videos/6et_13_04_06.html,,,,
Chapter 14: Partial Derivatives,,,,,,,
14.1 Functions of Several Variables,,,,,,,
14.01.06,14.1,Example 6,http://www.wadsworthmedia.com/math/stewart/solution_videos/6et_14_01_06.html,,,,
14.01.08,14.1,Example 8,http://www.wadsworthmedia.com/math/stewart/solution_videos/6et_14_01_08.html,,,,
14.01.11,14.1,Example 11,http://www.wadsworthmedia.com/math/stewart/solution_videos/6et_14_01_11.html,,,,
14.2 Limits and Continuity,,,,,,,
14.02.01,14.2,Example 1,http://www.wadsworthmedia.com/math/stewart/solution_videos/6et_14_02_01.html,,,,
14.02.03,14.2,Example 3,http://www.wadsworthmedia.com/math/stewart/solution_videos/6et_14_02_03.html,,,,
14.02.05,14.2,Example 5,http://www.wadsworthmedia.com/math/stewart/solution_videos/6et_14_02_05.html,,,,
14.3 Partial Derivatives,,,,,,,
14.03.03,14.3,Example 3,http://www.wadsworthmedia.com/math/stewart/solution_videos/6et_14_03_03.html,,,,
14.03.04,14.3,Example 4,http://www.wadsworthmedia.com/math/stewart/solution_videos/6et_14_03_04.html,,,,
14.03.07,14.3,Example 7,http://www.wadsworthmedia.com/math/stewart/solution_videos/6et_14_03_07.html,,,,
14.4 Tangent Planes and Linear Approximations,,,,,,,
14.04.01,14.4,Example 1,http://www.wadsworthmedia.com/math/stewart/solution_videos/6et_14_04_01.html,,,,
14.04.02,14.4,Example 2,http://www.wadsworthmedia.com/math/stewart/solution_videos/6et_14_04_02.html,,,,
14.04.04a-b,14.4,Example 4,http://www.wadsworthmedia.com/math/stewart/solution_videos/6et_14_04_04.html,,,,
14.5 The Chain Rule,,,,,,,
14.05.02,14.5,Example 2,http://www.wadsworthmedia.com/math/stewart/solution_videos/6et_14_05_02.html,,,,
14.05.04,14.5,Example 4,http://www.wadsworthmedia.com/math/stewart/solution_videos/6et_14_05_04.html,,,,
14.05.05,14.5,Example 5,http://www.wadsworthmedia.com/math/stewart/solution_videos/6et_14_05_05.html,,,,
14.6 Directional Derivatives and the Gradient Vector,,,,,,,
14.06.04,14.6,Example 4,http://www.wadsworthmedia.com/math/stewart/solution_videos/6et_14_06_04.html,,,,
14.06.05a-b,14.6,Example 5,http://www.wadsworthmedia.com/math/stewart/solution_videos/6et_14_06_05.html,,,,
14.06.08,14.6,Example 8,http://www.wadsworthmedia.com/math/stewart/solution_videos/6et_14_06_08.html,,,,
14.7 Maximum and Minimum Values,,,,,,,
14.07.03,14.7,Example 3,http://www.wadsworthmedia.com/math/stewart/solution_videos/6et_14_07_03.html,,,,
14.07.05,14.7,Example 5,http://www.wadsworthmedia.com/math/stewart/solution_videos/6et_14_07_05.html,,,,
14.07.06,14.7,Example 6,http://www.wadsworthmedia.com/math/stewart/solution_videos/6et_14_07_06.html,,,,
14.8 Lagrange Multipliers,,,,,,,
14.08.01,14.8,Example 1,http://www.wadsworthmedia.com/math/stewart/solution_videos/6et_14_08_01.html,,,,
14.08.02,14.8,Example 2,http://www.wadsworthmedia.com/math/stewart/solution_videos/6et_14_08_02.html,,,,
14.08.05,14.8,Example 5,http://www.wadsworthmedia.com/math/stewart/solution_videos/6et_14_08_05.html,,,,
Chapter 15: Multiple Integrals,,,,,,,
15.1 Double Integrals over Rectangles,,,,,,,
15.01.01,15.1,Example 1,http://www.wadsworthmedia.com/math/stewart/solution_videos/6et_15_01_01.html,,,,
15.01.02,15.1,Example 2,http://www.wadsworthmedia.com/math/stewart/solution_videos/6et_15_01_02.html,,,,
15.01.03,15.1,Example 3,http://www.wadsworthmedia.com/math/stewart/solution_videos/6et_15_01_03.html,,,,
15.2 Interated Integrals,,,,,,,
15.02.02,15.2,Example 2,http://www.wadsworthmedia.com/math/stewart/solution_videos/6et_15_02_02.html,,,,
15.02.03,15.2,Example 3,http://www.wadsworthmedia.com/math/stewart/solution_videos/6et_15_02_03.html,,,,
15.02.04,15.2,Example 4,http://www.wadsworthmedia.com/math/stewart/solution_videos/6et_15_02_04.html,,,,
15.3 Double Integrals over General Regions,,,,,,,
15.03.01,15.3,Example 1,http://www.wadsworthmedia.com/math/stewart/solution_videos/6et_15_03_01.html,,,,
15.03.03,15.3,Example 3,http://www.wadsworthmedia.com/math/stewart/solution_videos/6et_15_03_03.html,,,,
15.03.05,15.3,Example 5,http://www.wadsworthmedia.com/math/stewart/solution_videos/6et_15_03_05.html,,,,
15.4 Double Integrals in Polar Coordinates,,,,,,,
15.04.02,15.4,Example 2,http://www.wadsworthmedia.com/math/stewart/solution_videos/6et_15_04_02.html,,,,
15.04.03,15.4,Example 3,http://www.wadsworthmedia.com/math/stewart/solution_videos/6et_15_04_03.html,,,,
15.04.04,15.4,Example 4,http://www.wadsworthmedia.com/math/stewart/solution_videos/6et_15_04_04.html,,,,
15.5 Applications of Double Integrals,,,,,,,
15.05.02,15.5,Example 2,http://www.wadsworthmedia.com/math/stewart/solution_videos/6et_15_05_02.html,,,,
15.05.03,15.5,Example 3,http://www.wadsworthmedia.com/math/stewart/solution_videos/6et_15_05_03.html,,,,
15.05.04,15.5,Example 4,http://www.wadsworthmedia.com/math/stewart/solution_videos/7et_15_05_04_05.html,,,,
15.05.05,15.5,Example 5,http://www.wadsworthmedia.com/math/stewart/solution_videos/7et_15_05_04_05.html,,,,
15.6 Surface Area,,,,,,,
15.7 Triple Integrals,,,,,,,
15.07.01,15.7,Example 1,http://www.wadsworthmedia.com/math/stewart/solution_videos/7et_15_07_01.html,,,,
15.07.03,15.7,Example 3,http://www.wadsworthmedia.com/math/stewart/solution_videos/7et_15_07_03.html,,,,
15.07.06,6,Example 6,http://www.wadsworthmedia.com/math/stewart/solution_videos/7et_15_07_06.html ,,,,
15.8 Triple Integrals in Cylindrical Coordinates,,,,,,,
15.08.02,15.8,Example 2,http://www.wadsworthmedia.com/math/stewart/solution_videos/6et_15_07_02.html,,,,
15.08.03,15.8,Example 3,http://www.wadsworthmedia.com/math/stewart/solution_videos/7et_15_08_03.html,,,,
15.9 Triple Integrals in Spherical Coordinates,,,,,,,
15.09.01,15.9,Example 1,http://www.wadsworthmedia.com/math/stewart/solution_videos/6et_15_08_01.html,,,,
15.09.02,15.9,Example 2,http://www.wadsworthmedia.com/math/stewart/solution_videos/6et_15_08_02.html,,,,
15.09.03,15.9,Example 3,http://www.wadsworthmedia.com/math/stewart/solution_videos/6et_15_08_03.html,,,,
15.09.04,15.9,Example 4,http://www.wadsworthmedia.com/math/stewart/solution_videos/6et_15_08_04.html,,,,
15.10 Change of Variables in Multiple Integrals,,,,,,,
15.10.01,15.1,Example 1,http://www.wadsworthmedia.com/math/stewart/solution_videos/7et_15_10_01.html,,,,
15.10.02,15.1,Example 2,http://www.wadsworthmedia.com/math/stewart/solution_videos/7et_15_10_02.html,,,,
15.10.04,15.1,Example 4,http://www.wadsworthmedia.com/math/stewart/solution_videos/7et_15_10_04.html,,,,
Chapter 16: Vector Calculus,,,,,,,
16.1 Vector Fields,,,,,,,
16.01.01,16.1,Example 1,http://www.wadsworthmedia.com/math/stewart/solution_videos/6et_16_01_01.html,,,,
16.01.02,16.1,Example 2,http://www.wadsworthmedia.com/math/stewart/solution_videos/6et_16_01_02.html,,,,
16.01.06,16.1,Example 6,http://www.wadsworthmedia.com/math/stewart/solution_videos/6et_16_01_06.html,,,,
16.2 Line Integrals,,,,,,,
16.02.03,16.2,Example 3,http://www.wadsworthmedia.com/math/stewart/solution_videos/6et_16_02_03.html,,,,
16.02.04,16.2,Example 4,http://www.wadsworthmedia.com/math/stewart/solution_videos/6et_16_02_04.html,,,,
16.02.05,16.2,Example 5,http://www.wadsworthmedia.com/math/stewart/solution_videos/6et_16_02_05.html,,,,
16.3 The Fundamental Theorem for Line Integrals,,,,,,,
16.03.02,16.3,Example 2,http://www.wadsworthmedia.com/math/stewart/solution_videos/6et_16_03_02.html,,,,
16.03.03,16.3,Example 3,http://www.wadsworthmedia.com/math/stewart/solution_videos/6et_16_03_03.html,,,,
16.03.05,16.3,Example 5,http://www.wadsworthmedia.com/math/stewart/solution_videos/6et_16_03_05.html,,,,
16.4 Green's Theorem,,,,,,,
16.04.02,16.4,Example 2,http://www.wadsworthmedia.com/math/stewart/solution_videos/6et_16_04_02.html,,,,
16.04.04,16.4,Example 4,http://www.wadsworthmedia.com/math/stewart/solution_videos/6et_16_04_04.html,,,,
16.04.05,16.4,Example 5,http://www.wadsworthmedia.com/math/stewart/solution_videos/6et_16_04_05.html,,,,
16.5 Curl and Divergence,,,,,,,
16.05.02,16.5,Example 2,http://www.wadsworthmedia.com/math/stewart/solution_videos/6et_16_05_02.html,,,,
16.05.03a-b,16.5,Example 3,http://www.wadsworthmedia.com/math/stewart/solution_videos/6et_16_05_03.html,,,,
16.05.05,16.5,Example 5,http://www.wadsworthmedia.com/math/stewart/solution_videos/6et_16_05_05.html,,,,
16.6 Parametric Surfaces and Their Areas,,,,,,,
16.06.04,16.6,Example 4,http://www.wadsworthmedia.com/math/stewart/solution_videos/6et_16_06_04.html,,,,
16.06.06,16.6,Example 6,http://www.wadsworthmedia.com/math/stewart/solution_videos/6et_16_06_06.html,,,,
16.06.09,16.6,Example 9,http://www.wadsworthmedia.com/math/stewart/solution_videos/6et_16_06_09.html,,,,
16.06.11,16.6,Example 11,http://www.wadsworthmedia.com/math/stewart/solution_videos/6et_16_06_11.html,,,,
16.7 Surface Integrals,,,,,,,
16.07.03,16.7,Example 3,http://www.wadsworthmedia.com/math/stewart/solution_videos/6et_16_07_03.html,,,,
16.07.05,16.7,Example 5,http://www.wadsworthmedia.com/math/stewart/solution_videos/7et_16_07_05.html,,,,
16.07.06,16.7,Example 6,http://www.wadsworthmedia.com/math/stewart/solution_videos/6et_16_07_06.html,,,,
16.8 Stokes' Theorem,,,,,,,
16.08.01,16.8,Example 1,http://www.wadsworthmedia.com/math/stewart/solution_videos/6et_16_08_01.html,,,,
16.08.02,16.8,Example 2,http://www.wadsworthmedia.com/math/stewart/solution_videos/6et_16_08_02.html,,,,
16.9 The Divergence Theorem,,,,,,,
16.09.01,16.9,Example 1,http://www.wadsworthmedia.com/math/stewart/solution_videos/6et_16_09_01.html,,,,
16.09.02,16.9,Example 2,http://www.wadsworthmedia.com/math/stewart/solution_videos/6et_16_09_02.html,,,,
16.10 Summary,,,,,,,
Chapter 17: Second-Order Differential Equations,,,,,,,
17.1 Second-Order Linear Equations,,,,,,,
17.01.03,17.1,Example 3,http://www.wadsworthmedia.com/math/stewart/solution_videos/6et_17_01_03.html,,,,
17.01.04,17.1,Example 4,http://www.wadsworthmedia.com/math/stewart/solution_videos/6et_17_01_04.html,,,,
17.01.07,17.1,Example 7,http://www.wadsworthmedia.com/math/stewart/solution_videos/6et_17_01_07.html,,,,
17.2 Nonhomogenous Linear Equations,,,,,,,
17.02.01,17.2,Example 1,http://www.wadsworthmedia.com/math/stewart/solution_videos/6et_17_02_01.html,,,,
17.02.03,17.2,Example 3,http://www.wadsworthmedia.com/math/stewart/solution_videos/6et_17_02_03.html,,,,
17.02.04,17.2,Example 4,http://www.wadsworthmedia.com/math/stewart/solution_videos/6et_17_02_04.html,,,,
17.3 Applications of Second-Order Differential Equations,,,,,,,
17.03.01,17.3,Example 1,http://www.wadsworthmedia.com/math/stewart/solution_videos/7et_17_03_01_02.html,,,,
17.03.02,17.3,Example 2,http://www.wadsworthmedia.com/math/stewart/solution_videos/7et_17_03_01_02.html,,,,
17.03.03,17.3,Example 3,http://www.wadsworthmedia.com/math/stewart/solution_videos/6et_17_03_03.html,,,,
17.4 Series Solutions,,,,,,,
17.04.01,17.4,Example 1,http://www.wadsworthmedia.com/math/stewart/solution_videos/6et_17_04_01.html,,,,
17.04.02,17.4,Example 2,http://www.wadsworthmedia.com/math/stewart/solution_videos/6et_17_04_02.html,,,,
