Stewart Calculus Early Transcendentals 7e Video Examples (ET),,,,,,,
Chap/Section/SCalcET7 Video Example,Section,Example #,LIVE URL,English CC File name,Spanish CC File Name,Replacement?,comments
Chapter 1: Functions and Models,,,,,,,
1.1 Four Ways to Represent a Function,,,,,,,
01.01.05,1.1,Example 5,http://www.wadsworthmedia.com/math/stewart/solution_videos/6et_01_01_05.html,6et_01_01_05_en.htm,6et_01_01_05_es.htm,N,
01.01.07,1.1,Example 7,http://www.wadsworthmedia.com/math/stewart/solution_videos/6et_01_01_07.html,et_01_01_07_en.htm,et_01_01_07_es.htm,6et_01_01_07,
01.01.11a-c,1.1,Example 11,http://www.wadsworthmedia.com/math/stewart/solution_videos/6et_01_01_11.html,et_01_01_11_en.htm,et_01_01_11_es.htm,6et_01_01_11,
1.2 Mathematical Models: A Catalog of Essential Functions,,,,,,,
01.02.01a-c,1.2,Example 1,http://www.wadsworthmedia.com/math/stewart/solution_videos/6et_01_02_01.html,et_01_02_01_en.htm,et_01_02_01_es.htm,6et_01_02_01,
01.02.02,1.2,Example 2,http://www.wadsworthmedia.com/math/stewart/solution_videos/6et_01_02_02.html,et_01_02_02_en.htm,et_01_02_02_es.htm,6et_01_02_02,
01.02.03,1.2,Example 3,http://www.wadsworthmedia.com/math/stewart/solution_videos/6et_01_02_03.html,et_01_02_03_en.htm,et_01_02_03_es.htm,,
1.3 New Functions from Old Functions,,,,,,,
01.03.01,1.3,Example 1,http://www.wadsworthmedia.com/math/stewart/solution_videos/6et_01_03_01.html,et_01_03_01_en.htm,et_01_03_01_es.htm,6et_01_03_01,
01.03.05,1.3,Example 5,http://www.wadsworthmedia.com/math/stewart/solution_videos/6et_01_03_05.html,et_01_03_05_en.htm,et_01_03_05_es.htm,6et_01_03_05,
01.03.07a-d,1.3,Example 7,http://www.wadsworthmedia.com/math/stewart/solution_videos/6et_01_03_07.html,et_01_03_08_en.htm,et_01_03_08_es.htm,6et_01_03_07,
1.4 Graphing Calculators and Computers,,,,,,,
01.04.04,1.4,Example 4,http://www.wadsworthmedia.com/math/stewart/solution_videos/6et_01_04_04.html,et_01_04_04_en.htm,et_01_04_04_es.htm,6et_01_04_04,
01.04.05,1.4,Example 5,http://www.wadsworthmedia.com/math/stewart/solution_videos/6et_01_04_05.html,et_01_04_05_en.htm,et_01_04_05_es.htm,6et_01_04_05,
01.04.08,1.4,Example 8,http://www.wadsworthmedia.com/math/stewart/solution_videos/7et_01_04_08.html,et_01_04_08_en.htm,et_01_04_08_es.htm,no, 7et_01_04_08
1.5 Exponential Functions,,,,,,,
01.05.02,1.5,Example 2,http://www.wadsworthmedia.com/math/stewart/solution_videos/6et_01_05_02.html,??? ,???,,
01.05.03,1.5,Example 3,http://www.wadsworthmedia.com/math/stewart/solution_videos/6et_01_05_03.html,???,???,,
1.6 Inverse Functions and Logarithms,,,,,,,
01.06.01,1.6,Example 1,http://www.wadsworthmedia.com/math/stewart/solution_videos/6et_01_06_01.html,et_01_06_01_02_en.htm,et_01_06_01_02_es.htm,empty,
01.06.02,1.6,Example 2,http://www.wadsworthmedia.com/math/stewart/solution_videos/7et_01_06_02.html,et_01_06_01_02_en.htm,et_01_06_01_02_es.htm,empty,
01.06.03,1.6,Example 3,http://www.wadsworthmedia.com/math/stewart/solution_videos/6et_01_06_03.html,st_07_01_03_en.htm,st_07_01_03_es.htm,no ,"st_07_01_03, совп. С 03.05.01a-b"
01.06.04,1.6,Example 4,http://www.wadsworthmedia.com/math/stewart/solution_videos/6et_01_06_04.html,et_01_06_04_en.htm,et_01_06_04_es.htm,6et_01_06_04,
01.06.09,1.6,Example 9,http://www.wadsworthmedia.com/math/stewart/solution_videos/6et_01_06_09.html,et_01_06_09_en.htm,et_01_06_09_es.htm,6et_01_06_09,
Chapter 2: Limits and Derivatives,,,,,,,
2.1 The Tangent and Velocity Problems,,,,,,,
02.01.01,2.1,Example 1,http://www.wadsworthmedia.com/math/stewart/solution_videos/6et_02_01_01.html,et_02_01_01_en.htm,et_02_01_01_es.htm,6et_02_01_01,
02.01.02,2.1,Example 2,http://www.wadsworthmedia.com/math/stewart/solution_videos/6et_02_01_02.html,et_02_01_02_en.htm,et_02_01_02_es.htm,6et_02_01_02,
02.01.03,2.1,Example 3,http://www.wadsworthmedia.com/math/stewart/solution_videos/6et_02_01_03.html,et_02_01_03_en.htm,et_02_01_03_es.htm,6et_02_01_03,
2.2 The Limit of a Function,,,,,,,
02.02.03,2.2,Example 3,http://www.wadsworthmedia.com/math/stewart/solution_videos/6et_02_02_03.html,et_02_02_03_04_en.htm,et_02_02_03_04_es.htm,empty ,
02.02.04,2.2,Example 4,http://www.wadsworthmedia.com/math/stewart/solution_videos/7et_02_02_04.html,et_02_02_03_04_en.htm,et_02_02_03_04_es.htm,empty ,
02.02.06,2.2,Example 6,http://www.wadsworthmedia.com/math/stewart/solution_videos/6et_02_02_06.html,et_02_02_06_en.htm,et_02_02_06_es.htm,6et_02_02_06,
02.02.07a-f,2.2,Example 7,http://www.wadsworthmedia.com/math/stewart/solution_videos/6et_02_02_07.html,et_02_02_07_en.htm,et_02_02_07_es.htm,6et_02_02_07,
2.3 Calculating Limits Using the Limit Laws,,,,,,,
02.03.05,2.3,Example 5,http://www.wadsworthmedia.com/math/stewart/solution_videos/6et_02_03_05.html,et_02_03_05_en.htm,et_02_03_05_es.htm,6et_02_03_05,
02.03.08,2.3,Example 8,http://www.wadsworthmedia.com/math/stewart/solution_videos/6et_02_03_08.html,et_02_03_08_en.htm,et_02_03_08_es.htm,6et_02_03_08,
02.03.11,2.3,Example 11,http://www.wadsworthmedia.com/math/stewart/solution_videos/6et_02_03_11.html,et_02_03_11_en.htm,et_02_03_11_es.htm,6et_02_03_11,
2.4 The Precise Definition of a Limit,,,,,,,
02.04.02,2.4,Example 2,http://www.wadsworthmedia.com/math/stewart/solution_videos/6et_02_04_02.html,et_02_04_02_en.htm,et_02_04_02_es.htm,6et_02_04_02,
02.04.03,2.4,Example 3,http://www.wadsworthmedia.com/math/stewart/solution_videos/6et_02_04_03.html,et_02_04_03_en.htm,et_02_04_03_es.htm,6et_02_04_03,
02.04.05,2.4,Example 5,http://www.wadsworthmedia.com/math/stewart/solution_videos/6et_02_04_05.html,et_02_04_05_en.htm,et_02_04_05_es.htm,6et_02_04_05,
2.5 Continuity,,,,,,,
02.05.02a-d,2.5,Example 2,http://www.wadsworthmedia.com/math/stewart/solution_videos/6et_02_05_02.html,et_02_05_02_en.htm,et_02_05_02_es.htm,6et_02_05_02,
02.05.09a,2.5,Example 9,http://www.wadsworthmedia.com/math/stewart/solution_videos/6et_02_05_09.html,et_02_05_08_en.htm,et_02_05_08_es.htm,6et_02_05_09,испанские субтитры из 02.05.10
02.05.10,2.5,Example 10,http://www.wadsworthmedia.com/math/stewart/solution_videos/6et_02_05_10.html,et_02_05_09_en.htm,et_02_05_09_es.htm,6et_02_05_10,
2.6 Limits at Infinity; Horizontal Asymptotes,,,,,,,
02.06.03,2.6,Example 3,http://www.wadsworthmedia.com/math/stewart/solution_videos/6et_02_06_03.html,et_02_06_03_en.htm,et_02_06_03_es.htm,6et_02_06_03,
02.06.07,2.6,Example 7,http://www.wadsworthmedia.com/math/stewart/solution_videos/7et_02_06_07.html,???,???,no,
02.06.12,2.6,Example 12,http://www.wadsworthmedia.com/math/stewart/solution_videos/7et_02_06_12.html,et_02_06_11_en.htm,et_02_06_11_es.htm,7et_02_06_12,
2.7 Derivatives and Rates of Change,,,,,,,
02.07.01,2.7,Example 1,http://www.wadsworthmedia.com/math/stewart/solution_videos/6et_02_07_01.html,et_02_07_01_en.htm,et_02_07_01_es.htm,6et_02_07_01,
02.07.03a-b,2.7,Example 3,http://www.wadsworthmedia.com/math/stewart/solution_videos/6et_02_07_03.html,et_02_07_04_en.htm,et_02_07_04_es.htm,6et_02_07_03,
02.07.04,2.7,Example 4,http://www.wadsworthmedia.com/math/stewart/solution_videos/6et_02_07_04.html,et_02_08_01and02_en.htm,et_02_08_01and02_es.htm,no,
02.07.05,2.7,Example 5,http://www.wadsworthmedia.com/math/stewart/solution_videos/6et_02_07_05.html,et_02_08_01and02_es.htm,et_02_08_01and02_es.htm,no,same link as ex.4
02.07.06a-c,2.7,Example 6,http://www.wadsworthmedia.com/math/stewart/solution_videos/6et_02_07_06.html,et_02_08_05_en.htm,et_02_08_05_es.htm,6et_02_07_06,
02.07.07,2.7,Example 7,http://www.wadsworthmedia.com/math/stewart/solution_videos/6et_02_07_07.html,et_02_08_06_en.htm,et_02_08_06_es.htm,6et_02_07_07,
2.8 The Derivative as a Function,,,,,,,
02.08.01,2.8,Example 1,http://www.wadsworthmedia.com/math/stewart/solution_videos/6et_02_08_01.html,et_02_09_01_en.htm,et_02_09_01_es.htm,6et_02_08_01,
02.08.02a-b,2.8,Example 2,http://www.wadsworthmedia.com/math/stewart/solution_videos/6et_02_08_02.html,et_02_09_03_en.htm,et_02_09_03_es.htm,6et_02_08_02,
02.08.05,2.8,Example 5,http://www.wadsworthmedia.com/math/stewart/solution_videos/6et_02_08_05.html,et_02_09_06_en.htm,et_02_09_06_es.htm,6et_02_08_05,
Chapter 3: Differentiation Rules,,,,,,,
3.1 Derivatives of Polynomials and Exponential Functions,,,,,,,
03.01.03,3.1,Example 3,http://www.wadsworthmedia.com/math/stewart/solution_videos/6et_03_01_03.html,et_03_01_03_en.htm,et_03_01_03_es.htm,6et_03_01_03,
03.01.06,3.1,Example 6,http://www.wadsworthmedia.com/math/stewart/solution_videos/6et_03_01_06.html,et_03_01_06_en.htm,et_03_01_06_es.htm,6et_03_01_06,
03.01.08,3.1,Example 8,http://www.wadsworthmedia.com/math/stewart/solution_videos/6et_03_01_08.html,et_03_01_07_en.htm,et_03_01_07_es.htm,6et_03_01_06,

03.01.08,3.1,Example 8,http://www.wadsworthmedia.com/math/stewart/solution_videos/6et_03_02_04.html,st_03_03_07_en,st_03_03_07_es,6et_03_01_06,

03.02.05,3.2,Example 5,http://www.wadsworthmedia.com/math/stewart/solution_videos/6et_03_02_05.html,et_03_02_06_en.htm,et_03_02_06_es.htm,6et_03_02_05,
3.3 Derivatives of Trigonometric Functions,,,,,,,
03.03.01,3.3,Example 1,http://www.wadsworthmedia.com/math/stewart/solution_videos/6et_03_03_01.html,et_03_04_01_en.htm,et_03_04_01_es.htm,6et_03_03_01,
03.03.03,3.3,Example 3,http://www.wadsworthmedia.com/math/stewart/solution_videos/6et_03_03_03.html,et_03_04_03_en.htm,et_03_04_03_es.htm,6et_03_03_03,
03.03.06,3.3,Example 6,http://www.wadsworthmedia.com/math/stewart/solution_videos/6et_03_03_06.html,et_03_04_05_en.htm,et_03_04_05_es.htm,6et_03_03_06,
3.4 The Chain Rule,,,,,,,
03.04.02a-b,3.4,Example 2,http://www.wadsworthmedia.com/math/stewart/solution_videos/6et_03_04_02.html,et_03_05_02_en.htm,et_03_05_02_es.htm,6et_03_04_02,
03.04.04,3.4,Example 4,http://www.wadsworthmedia.com/math/stewart/solution_videos/6et_03_04_04.html,et_03_05_04_en.htm,et_03_05_04_es.htm,6et_03_04_04,
03.04.08,3.4,Example 8,http://www.wadsworthmedia.com/math/stewart/solution_videos/6et_03_04_08.html,et_03_05_08_en.htm,et_03_05_08_es.htm,6et_03_04_08,
3.5 Implicit Differentiation,,,,,,,
03.05.01a-b,3.5,Example 1,http://www.wadsworthmedia.com/math/stewart/solution_videos/6et_03_05_01.html,st_03_07_01_en.htm,st_03_07_01_es,"st_03_07_01, совп. С 01.06.02","st_03_07_01, совп. С 01.06.03"
03.05.02a-c,3.5,Example 2,http://www.wadsworthmedia.com/math/stewart/solution_videos/6et_03_05_02.html,et_03_06_02_en.htm,et_03_06_02_es.htm,6et_03_05_02,
03.05.05b,3.5,Example 5,http://www.wadsworthmedia.com/math/stewart/solution_videos/6et_03_05_05.html,et_03_06_05_en.htm,et_03_06_05_es.htm,6et_03_05_05,
3.6 Derivatives of Logarithmic Functions,,,,,,,
03.06.01,3.6,Example 1,http://www.wadsworthmedia.com/math/stewart/solution_videos/6et_03_06_01.html,et_03_08_01_en.htm,et_03_08_01_es.htm,6et_03_06_01,
03.06.06,3.6,Example 6,http://www.wadsworthmedia.com/math/stewart/solution_videos/6et_03_06_06.html,et_03_08_06_en.htm,et_03_08_06_es.htm,6et_03_06_06,
03.06.08,3.6,Example 8,http://www.wadsworthmedia.com/math/stewart/solution_videos/6et_03_06_08.html,et_03_08_08_en.htm,et_03_08_08_es.htm, et_03_08_07,
3.7 Rates of Change in the Natural and Social Sciences,,,,,,,
03.07.01a-i,3.7,Example 1,http://www.wadsworthmedia.com/math/stewart/solution_videos/6et_03_07_01.html,"et_03_03_01_en.htm, et_03_07_02_en.htm","et_03_03_01_es.htm, et_03_07_02_es.htm",,"нет (g), (h), (i)"
03.07.03,3.7,Example 3,http://www.wadsworthmedia.com/math/stewart/solution_videos/6et_03_07_03.html,et_03_03_03_en.htm,et_03_03_03_es.htm,6et_03_07_03,
03.07.08,3.7,Example 8,http://www.wadsworthmedia.com/math/stewart/solution_videos/6et_03_07_08.html,et_03_03_08_en.htm,et_03_03_08_es.htm,6et_03_07_08,
3.8 Exponential Growth and Decay,,,,,,,
03.08.01,3.8,Example 1,http://www.wadsworthmedia.com/math/stewart/solution_videos/6et_03_08_01.html,et_09_04_02_en.htm,et_09_04_02_es.htm,6et_03_08_01,
03.08.02a-c,3.8,Example 2,http://www.wadsworthmedia.com/math/stewart/solution_videos/6et_03_08_02.html,et_09_04_03_en.htm,et_09_04_03_es.htm,6et_03_08_02,
3.9 Related Rates,,,,,,,
03.09.01,3.9,Example 1,http://www.wadsworthmedia.com/math/stewart/solution_videos/6et_03_09_01.html,et_03_10_01_en.htm,et_03_10_01_es.htm,6et_03_09_01,
03.09.04,3.9,Example 4,http://www.wadsworthmedia.com/math/stewart/solution_videos/6et_03_09_04.html,et_03_10_04_en.htm,et_03_10_04_es.htm,6et_03_09_04,
03.09.05,3.9,Example 5,http://www.wadsworthmedia.com/math/stewart/solution_videos/6et_03_09_05.html,et_03_10_05_en.htm,et_03_10_05_es.htm,6et_03_09_05,
3.10 Linear Approximations and Differentials,,,,,,,
03.10.01,3.1,Example 1,http://www.wadsworthmedia.com/math/stewart/solution_videos/6et_03_10_01.html,et_03_11_02_en.htm,et_03_11_02_es.htm,6et_03_10_01,
03.10.04,3.1,Example 4,http://www.wadsworthmedia.com/math/stewart/solution_videos/6et_03_10_04.html,et_03_11_05_en.htm,et_03_11_05_es.htm,6et_03_10_04,
3.11 Hyperbolic Functions,,,,,,,
03.11.01a-b,3.11,Example 1,http://www.wadsworthmedia.com/math/stewart/solution_videos/6et_03_11_01.html,et_03_09_01_en.htm,et_03_09_01_es.htm,6et_03_11_01,
03.11.04,3.11,Example 4,http://www.wadsworthmedia.com/math/stewart/solution_videos/6et_03_11_04.html,et_03_09_04_en.htm,et_03_09_04_es.htm,no,
03.11.05,3.11,Example 5,http://www.wadsworthmedia.com/math/stewart/solution_videos/6et_03_11_05.html,et_03_09_05_en.htm,et_03_09_05_es.htm,"6et_03_11_04, 6et_03_11_05",
Chapter 4: Applications of Differentiation,,,,,,,
4.1 Maximum and Minimum Values,,,,,,,
04.01.04,4.1,Example 4,http://www.wadsworthmedia.com/math/stewart/solution_videos/6et_04_01_04.html,et_04_01_04_en.htm,et_04_01_04_es.htm,6et_04_01_04,
04.01.07,4.1,Example 7,http://www.wadsworthmedia.com/math/stewart/solution_videos/6et_04_01_07.html,et_04_01_07_en.htm,et_04_01_07_es.htm,6et_04_01_07,
04.01.08,4.1,Example 8,http://www.wadsworthmedia.com/math/stewart/solution_videos/6et_04_01_08.html,et_04_01_08_en.htm,et_04_01_08_es.htm,6et_04_01_08,
4.2 The Mean Value Theorem,,,,,,,
04.02.03,4.2,Example 3,http://www.wadsworthmedia.com/math/stewart/solution_videos/6et_04_02_03.html,et_04_02_03_en.htm,et_04_02_03_es.htm,6et_04_02_03,
04.02.04,4.2,Example 4,http://www.wadsworthmedia.com/math/stewart/solution_videos/6et_04_02_04.html,et_04_02_04_en.htm,et_04_02_04_es.htm,6et_04_02_04,
04.02.05,4.2,Example 5,http://www.wadsworthmedia.com/math/stewart/solution_videos/6et_04_02_05.html,et_04_02_05_en.htm,et_04_02_05_es.htm,6et_04_02_05,
4.3 How Derivatives Affect the Shape of a Graph,,,,,,,
04.03.01,4.3,Example 1,http://www.wadsworthmedia.com/math/stewart/solution_videos/6et_04_03_01.html,et_04_03_01and02_en.htm,et_04_03_01and02_es.htm,empty,
04.03.02,4.3,Example 2,http://www.wadsworthmedia.com/math/stewart/solution_videos/7et_04_03_02.html,et_04_03_01and02_en.htm,et_04_03_01and02_es.htm,empty,
04.03.05,4.3,Example 5,http://www.wadsworthmedia.com/math/stewart/solution_videos/6et_04_03_05.html,et_04_03_05_en.htm,et_04_03_05_es.htm,6et_04_03_05,
04.03.06,4.3,Example 6,http://www.wadsworthmedia.com/math/stewart/solution_videos/6et_04_03_06.html,et_04_03_06_en.htm,et_04_03_06_es.htm,6et_04_03_06,
4.4 Indeterminate Forms and l'Hospital's Rule,,,,,,,
04.04.01,4.4,Example 1,http://www.wadsworthmedia.com/math/stewart/solution_videos/6et_04_04_01.html,et_04_04_01_en.htm,et_04_04_01_es.htm,6et_04_04_01,
04.04.02,4.4,Example 2,http://www.wadsworthmedia.com/math/stewart/solution_videos/6et_04_04_02.html ,?,?,,The requested URL /math/stewart/solution_videos/6et_04_04_02.html was not found on this server.
04.04.03,4.4,Example 3,http://www.wadsworthmedia.com/math/stewart/solution_videos/6et_04_04_03.html,et_04_04_03_en.htm,et_04_04_03_es.htm,6et_04_04_03,
04.04.05,4.4,Example 5,http://www.wadsworthmedia.com/math/stewart/solution_videos/6et_04_04_05.html,?,?,,The requested URL /math/stewart/solution_videos/6et_04_04_05.html was not found on this server.
04.04.06,4.4,Example 6,http://www.wadsworthmedia.com/math/stewart/solution_videos/6et_04_04_06.html,et_04_04_06_en.htm,et_04_04_06_es.htm,6et_04_04_06,
04.04.09,4.4,Example 9,http://www.wadsworthmedia.com/math/stewart/solution_videos/6et_04_04_09.html,?,?,,The requested URL /math/stewart/solution_videos/6et_04_04_09.html was not found on this server.
4.5 Summary of Curve Sketching,,,,,,,
04.05.01,4.5,Example 1,http://www.wadsworthmedia.com/math/stewart/solution_videos/6et_04_05_01.html,et_04_05_01_en.htm,et_04_05_01_es.htm,6et_04_05_01,
04.05.03,4.5,Example 3,http://www.wadsworthmedia.com/math/stewart/solution_videos/6et_04_05_03.html,et_04_05_03_en.htm,et_04_05_03_es.htm,6et_04_05_03,
04.05.06,4.5,Example 6,http://www.wadsworthmedia.com/math/stewart/solution_videos/6et_04_05_06.html,et_04_05_06_en.htm,et_04_05_06_es.htm,6et_04_05_06,
4.6 Graphing with Calculus and Calculators,,,,,,,
04.06.02,4.6,Example 2,http://www.wadsworthmedia.com/math/stewart/solution_videos/6et_04_06_02.html,et_04_06_02_en.htm,et_04_06_02_es.htm,6et_04_06_02,
04.06.03,4.6,Example 3,http://www.wadsworthmedia.com/math/stewart/solution_videos/6et_04_06_03.html,et_04_06_03_en.htm,et_04_06_03_es.htm,6et_04_06_03,
04.06.05,4.6,Example 5,http://www.wadsworthmedia.com/math/stewart/solution_videos/6et_04_06_05.html,et_04_06_05_en.htm,et_04_06_05_es.htm,6et_04_06_05,
4.7 Optimization Problems,,,,,,,
04.07.02,4.7,Example 2,http://www.wadsworthmedia.com/math/stewart/solution_videos/6et_04_07_02.html,et_04_07_02_en.htm,et_04_07_02_es.htm,6et_04_07_02,
04.07.03,4.7,Example 3,http://www.wadsworthmedia.com/math/stewart/solution_videos/6et_04_07_03.html,et_04_07_03_en.htm,et_04_07_03_es.htm,6et_04_07_03,
04.07.05,4.7,Example 5,http://www.wadsworthmedia.com/math/stewart/solution_videos/6et_04_07_05.html,et_04_07_05_en.htm,et_04_07_05_es.htm,6et_04_07_05,
04.07.06,4.7,Example 6,http://www.wadsworthmedia.com/math/stewart/solution_videos/6et_04_07_06.html,et_04_08_03_en.htm,et_04_08_03_es.htm,6et_04_07_06,
4.8 Newton's Method,,,,,,,
04.08.01,4.8,Example 1,http://www.wadsworthmedia.com/math/stewart/solution_videos/6et_04_08_01.html,et_04_09_01_en.htm,et_04_09_01_es.htm,6et_04_08_01,
04.08.02,4.8,Example 2,http://www.wadsworthmedia.com/math/stewart/solution_videos/6et_04_08_02.html,et_04_09_02_en.htm,et_04_09_02_es.htm,6et_04_08_02,
04.08.03,4.8,Example 3,http://www.wadsworthmedia.com/math/stewart/solution_videos/6et_04_08_03.html,et_04_09_03_en.htm,et_04_09_03_es.htm,6et_04_08_03,
4.9 Antiderivatives,,,,,,,
04.09.04,4.9,Example 4,http://www.wadsworthmedia.com/math/stewart/solution_videos/6et_04_09_04.html,et_04_10_04_en.htm,et_04_10_04_es.htm,6et_04_09_04,
04.09.05,4.9,Example 5,http://www.wadsworthmedia.com/math/stewart/solution_videos/6et_04_09_05.html,et_04_10_05_en.htm,et_04_10_05_es.htm,6et_04_09_05,
04.09.06,4.9,Example 6,http://www.wadsworthmedia.com/math/stewart/solution_videos/6et_04_09_06.html,et_04_10_07_en.htm,et_04_10_07_es.htm,6et_04_09_06,
Chapter 5: Integrals,,,,,,,
5.1 Areas and Distances,,,,,,,
05.01.01,5.1,Example 1,http://www.wadsworthmedia.com/math/stewart/solution_videos/6et_05_01_01.html,et_05_01_01_en.htm,et_05_01_01_es.htm,6et_05_01_01,
05.01.02,5.1,Example 2,http://www.wadsworthmedia.com/math/stewart/solution_videos/6et_05_01_02.html,et_05_01_02_en.htm,et_05_01_02_es.htm,6et_05_01_02,
05.01.04,5.1,Example 4,http://www.wadsworthmedia.com/math/stewart/solution_videos/6et_05_01_04.html,et_05_01_04_en.htm,et_05_01_04_es.htm,6et_05_01_04,
5.2 The Definite Integral,,,,,,,
05.02.04a-b,5.2,Example 4,http://www.wadsworthmedia.com/math/stewart/solution_videos/6et_05_02_04.html,et_05_02_04_en.htm,et_05_02_04_es.htm,6et_05_02_04,
05.02.05,5.2,Example 5,http://www.wadsworthmedia.com/math/stewart/solution_videos/6et_05_02_05.html,et_05_02_05_en.htm,et_05_02_05_es.htm,6et_05_02_05,
05.02.07,5.2,Example 7,http://www.wadsworthmedia.com/math/stewart/solution_videos/6et_05_02_07.html,et_05_02_07_en.htm,et_05_02_07_es.htm,6et_05_02_07,
5.3 The Fundamental Theorem of Calculus,,,,,,,
05.03.01,5.3,Example 1,http://www.wadsworthmedia.com/math/stewart/solution_videos/6et_05_03_01.html,et_05_03_01_en.htm,et_05_03_01_es.htm,6et_05_03_01,
05.03.02,5.3,Example 2,http://www.wadsworthmedia.com/math/stewart/solution_videos/6et_05_03_02.html,et_05_03_02_en.htm,et_05_03_02_es.htm,6et_05_03_02,
05.03.05,5.3,Example 5,http://www.wadsworthmedia.com/math/stewart/solution_videos/6et_05_03_05.html,et_05_03_05_en.htm,et_05_03_05_es.htm,6et_05_03_05,
5.4 Indefinite Integrals and the Net Change Theorem,,,,,,,
05.04.02,5.4,Example 2,http://www.wadsworthmedia.com/math/stewart/solution_videos/6et_05_04_02.html,et_05_04_02_en.htm,et_05_04_02_es.htm,6et_05_04_02,
05.04.04,5.4,Example 4,http://www.wadsworthmedia.com/math/stewart/solution_videos/6et_05_04_04.html,et_05_04_04_en.htm,et_05_04_04_es.htm,6et_05_04_04,
05.04.06a-b,5.4,Example 6,http://www.wadsworthmedia.com/math/stewart/solution_videos/6et_05_04_06.html,et_05_04_06_en.htm,et_05_04_06_es.htm,6et_05_04_06,
5.5 The Substitution Rule,,,,,,,
05.05.03,5.5,Example 3,http://www.wadsworthmedia.com/math/stewart/solution_videos/6et_05_05_03.html,et_05_05_03_en.htm,et_05_05_03_es.htm,6et_05_05_03,
05.05.06,5.5,Example 6,http://www.wadsworthmedia.com/math/stewart/solution_videos/6et_05_05_06.html,et_05_05_06_en.htm,et_05_05_06_es.htm,6et_05_05_06,
05.05.09,5.5,Example 9,http://www.wadsworthmedia.com/math/stewart/solution_videos/6et_05_05_09.html,et_05_05_09_en.htm,et_05_05_09_es.htm,6et_05_05_09,
05.05.10,5.5,Example 10,http://www.wadsworthmedia.com/math/stewart/solution_videos/6et_05_05_10.html,?,?,,The requested URL /math/stewart/solution_videos/6et_05_05_10.html was not found on this server.
Chapter 6: Applications of Integration,,,,,,,
6.1 Areas Between Curves,,,,,,,
06.01.02,6.1,Example 2,http://www.wadsworthmedia.com/math/stewart/solution_videos/6et_06_01_02.html,et_06_01_02_en.htm,et_06_01_02_es.htm,6et_06_01_02,
06.01.05,6.1,Example 5,http://www.wadsworthmedia.com/math/stewart/solution_videos/6et_06_01_05.html,et_06_01_05_en.htm,et_06_01_05_es.htm,6et_06_01_05,
06.01.06,6.1,Example 6,http://www.wadsworthmedia.com/math/stewart/solution_videos/6et_06_01_06.html,et_06_01_06_en.htm,et_06_01_06_es.htm,6et_06_01_06,
6.2 Volumes,,,,,,,
06.02.02,6.2,Example 2,http://www.wadsworthmedia.com/math/stewart/solution_videos/6et_06_02_02.html,et_06_02_02_en.htm,et_06_02_02_es.htm,6et_06_02_02,
06.02.03,6.2,Example 3,http://www.wadsworthmedia.com/math/stewart/solution_videos/6et_06_02_03.html,et_06_02_03_en.htm,et_06_02_03_es.htm,6et_06_02_03,
06.02.08,6.2,Example 8,http://www.wadsworthmedia.com/math/stewart/solution_videos/6et_06_02_08.html,et_06_02_08_en.htm,et_06_02_08_es.htm,6et_06_02_08,
6.3 Volumes by Cylindrical Shells,,,,,,,
06.03.02,6.3,Example 2,http://www.wadsworthmedia.com/math/stewart/solution_videos/6et_06_03_02.html,et_06_03_02_en.htm,et_06_03_02_es.htm,6et_06_03_02,
06.03.03,6.3,Example 3,http://www.wadsworthmedia.com/math/stewart/solution_videos/6et_06_03_03.html,et_06_03_03_en.htm,et_06_03_03_es.htm,6et_06_03_03,
06.03.04,6.3,Example 4,http://www.wadsworthmedia.com/math/stewart/solution_videos/6et_06_03_04.html,et_06_03_04_en.htm,et_06_03_04_es.htm,6et_06_03_04,
6.4 Work,,,,,,,
06.04.01a-b,6.4,Example 1,http://www.wadsworthmedia.com/math/stewart/solution_videos/6et_06_04_01.html,et_06_04_01_en.htm,et_06_04_01_es.htm,6et_06_04_01,
06.04.03,6.4,Example 3,http://www.wadsworthmedia.com/math/stewart/solution_videos/6et_06_04_03.html,et_06_04_03_en.htm,et_06_04_03_es.htm,6et_06_04_03,
06.04.04,6.4,Example 4,http://www.wadsworthmedia.com/math/stewart/solution_videos/6et_06_04_04.html,et_06_04_04_en.htm,et_06_04_04_es.htm,6et_06_04_04,
6.5 Average Value of a Function,,,,,,,
06.05.01,6.5,Example 1,http://www.wadsworthmedia.com/math/stewart/solution_videos/6et_06_05_01.html,et_06_05_01_en.htm,et_06_05_01_es.htm,6et_06_05_01,
06.05.02,6.5,Example 2,http://www.wadsworthmedia.com/math/stewart/solution_videos/6et_06_05_02.html,et_06_05_02_en.htm,et_06_05_02_es.htm,6et_06_05_02,
06.05.03,6.5,Example 3,http://www.wadsworthmedia.com/math/stewart/solution_videos/6et_06_05_03.html,et_06_05_03_en.htm,et_06_05_03_es.htm,6et_06_05_03,
Chapter 7: Techniques of Integration,,,,,,,
7.1 Integration by Parts,,,,,,,
07.01.02,7.1,Example 2,http://www.wadsworthmedia.com/math/stewart/solution_videos/6et_07_01_02.html,et_07_01_02_en.htm,et_07_01_02_es.htm,6et_07_01_02,
07.01.03,7.1,Example 3,http://www.wadsworthmedia.com/math/stewart/solution_videos/6et_07_01_03.html,et_07_01_03_en.htm,et_07_01_03_es.htm,6et_07_01_03,
07.01.04,7.1,Example 4,http://www.wadsworthmedia.com/math/stewart/solution_videos/6et_07_01_04.html,et_07_01_04_en.htm,et_07_01_04_es.htm,6et_07_01_04,
7.2 Trigonometric Integrals,,,,,,,
07.02.02,7.2,Example 2,http://www.wadsworthmedia.com/math/stewart/solution_videos/6et_07_02_02.html,et_07_02_02_en.htm,et_07_02_02_es.htm,6et_07_02_02,
07.02.03,7.2,Example 3,http://www.wadsworthmedia.com/math/stewart/solution_videos/6et_07_02_03.html,et_07_02_03_en.htm,et_07_02_03_es.htm,6et_07_02_03,
07.02.05,7.2,Example 5,http://www.wadsworthmedia.com/math/stewart/solution_videos/6et_07_02_05.html,et_07_02_05_en.htm,et_07_02_05_es.htm,6et_07_02_05,
7.3 Trigonometric Substitution,,,,,,,
07.03.01,7.3,Example 1,http://www.wadsworthmedia.com/math/stewart/solution_videos/6et_07_03_01.html,et_07_03_01_en.htm,et_07_03_01_es.htm,6et_07_03_01,
07.03.02,7.3,Example 2,http://www.wadsworthmedia.com/math/stewart/solution_videos/6et_07_03_02.html,et_07_03_02_en.htm,et_07_03_02_es.htm,6et_07_03_02,
07.03.03,7.3,Example 3,http://www.wadsworthmedia.com/math/stewart/solution_videos/6et_07_03_03.html,et_07_03_03_en.htm,et_07_03_03_es.htm,6et_07_03_03,
7.4 Integration of Rational Functions by Partial Fractions,,,,,,,
07.04.01,7.4,Example 1,http://www.wadsworthmedia.com/math/stewart/solution_videos/6et_07_04_01.html,et_07_04_01_en.htm,et_07_04_01_es.htm,6et_07_04_01,
07.04.02,7.4,Example 2,http://www.wadsworthmedia.com/math/stewart/solution_videos/6et_07_04_02.html,et_07_04_02_en.htm,et_07_04_02_es.htm,6et_07_04_02,
07.04.05,7.4,Example 5,http://www.wadsworthmedia.com/math/stewart/solution_videos/6et_07_04_05.html,et_07_04_05_en.htm,et_07_04_05_es.htm,6et_07_04_05,
7.5 Strategy for Integration,,,,,,,
07.05.02,7.5,Example 2,http://www.wadsworthmedia.com/math/stewart/solution_videos/6et_07_05_02.html,et_07_05_02_en.htm,et_07_05_02_es.htm,6et_07_05_02,
07.05.04,7.5,Example 4,http://www.wadsworthmedia.com/math/stewart/solution_videos/6et_07_05_04.html,et_07_05_04_en.htm,et_07_05_04_es.htm,6et_07_05_04,
07.05.05,7.5,Example 5,http://www.wadsworthmedia.com/math/stewart/solution_videos/6et_07_05_05.html,et_07_05_05_en.htm,et_07_05_05_es.htm,6et_07_05_05,
7.6 Integration Using Tables and Computer Algebra Systems,,,,,,,
07.06.02,7.6,Example 2,http://www.wadsworthmedia.com/math/stewart/solution_videos/6et_07_06_02.html,et_07_06_02_en.htm,et_07_06_02_es.htm,6et_07_06_02,
07.06.04,7.6,Example 4,http://www.wadsworthmedia.com/math/stewart/solution_videos/6et_07_06_04.html,et_07_06_04_en.htm,et_07_06_04_es.htm,6et_07_06_04,
7.7 Approximate Integration,,,,,,,
07.07.02,7.7,Example 2,http://www.wadsworthmedia.com/math/stewart/solution_videos/6et_07_07_02.html,et_07_07_02_en.htm,et_07_07_02_es.htm,,нет Midpoint rule
07.07.03a-b,7.7,Example 3,http://www.wadsworthmedia.com/math/stewart/solution_videos/6et_07_07_03.html,et_07_07_03_en.htm,et_07_07_03_es.htm,,нет (b)
07.07.05,7.7,Example 5,http://www.wadsworthmedia.com/math/stewart/solution_videos/6et_07_07_05.html,et_07_07_05_en.htm,et_07_07_05_es.htm,6et_07_07_05,
7.8 Improper Integrals,,,,,,,
07.08.01,7.8,Example 1,http://www.wadsworthmedia.com/math/stewart/solution_videos/6et_07_08_01.html,et_07_08_01_en.htm,et_07_08_01_es.htm,6et_07_08_01,
07.08.06,7.8,Example 6,http://www.wadsworthmedia.com/math/stewart/solution_videos/6et_07_08_06.html,et_07_08_06_en.htm,et_07_08_06_es.htm,6et_07_08_06,
07.08.09,7.8,Example 9,http://www.wadsworthmedia.com/math/stewart/solution_videos/6et_07_08_09.html,et_07_08_09_en.htm,et_07_08_09_es.htm,6et_07_08_09,
Chapter 8: Further Applications of Integration,,,,,,,
8.1 Arc Length,,,,,,,
08.01.02,8.1,Example 2,http://www.wadsworthmedia.com/math/stewart/solution_videos/6et_08_01_02.html,et_08_01_02_en.htm,et_08_01_02_es.htm,6et_08_01_02,
08.01.03a-b,8.1,Example 3,http://www.wadsworthmedia.com/math/stewart/solution_videos/6et_08_01_03.html,et_08_01_03_en.htm,et_08_01_03_es.htm,6et_08_01_03,
08.01.04,8.1,Example 4,http://www.wadsworthmedia.com/math/stewart/solution_videos/6et_08_01_04.html,et_08_01_04_en.htm,et_08_01_04_es.htm,6et_08_01_04,
8.2 Area of a Surface of Revolution,,,,,,,
08.02.01,8.2,Example 1,http://www.wadsworthmedia.com/math/stewart/solution_videos/6et_08_02_01.html,et_08_02_01_en.htm,et_08_02_01_es.htm,6et_08_02_01,
08.02.02,8.2,Example 2,http://www.wadsworthmedia.com/math/stewart/solution_videos/6et_08_02_02.html,et_08_02_02_en.htm,et_08_02_02_es.htm,6et_08_02_02,
08.02.03,8.2,Example 3,http://www.wadsworthmedia.com/math/stewart/solution_videos/6et_08_02_03.html,et_08_02_03_en.htm,et_08_02_03_es.htm,6et_08_02_03,
8.3 Applications to Physics and Engineering,,,,,,,
08.03.01,8.3,Example 1,http://www.wadsworthmedia.com/math/stewart/solution_videos/6et_08_03_01.html,et_08_03_01_en.htm,et_08_03_01_es.htm,6et_08_03_01,
08.03.03,8.3,Example 3,http://www.wadsworthmedia.com/math/stewart/solution_videos/6et_08_03_03.html,et_08_03_03_en.htm,et_08_03_03_es.htm,6et_08_03_03,
08.03.07,8.3,Example 7,http://www.wadsworthmedia.com/math/stewart/solution_videos/6et_08_03_07.html,et_08_03_07_en.htm,et_08_03_07_es.htm,6et_08_03_07,
8.4 Applications to Economics and Biology,,,,,,,
08.04.01,8.4,Example 1,http://www.wadsworthmedia.com/math/stewart/solution_videos/6et_08_04_01.html,et_08_04_01_en.htm,et_08_04_01_es.htm,6et_08_04_01,
08.04.02,8.4,Example 2,http://www.wadsworthmedia.com/math/stewart/solution_videos/6et_08_04_02.html,et_08_04_02_en.htm,et_08_04_02_es.htm,6et_08_04_02,
8.5 Probability,,,,,,,
08.05.02,8.5,Example 2,http://www.wadsworthmedia.com/math/stewart/solution_videos/6et_08_05_02.html,et_08_05_02_en.htm,et_08_05_02_es.htm,6et_08_05_02,
08.05.04,8.5,Example 4,http://www.wadsworthmedia.com/math/stewart/solution_videos/6et_08_05_04.html,et_08_05_04_en.htm,et_08_05_04_es.htm,6et_08_05_04,
08.05.05,8.5,Example 5,http://www.wadsworthmedia.com/math/stewart/solution_videos/6et_08_05_05.html,et_08_05_05_en.htm,et_08_05_05_es.htm,6et_08_05_05,
Chapter 9: Differential Equations,,,,,,,
9.1 Modeling with Differential Equations,,,,,,,
09.01.01,9.1,Example 1,http://www.wadsworthmedia.com/math/stewart/solution_videos/6et_09_01_01.html,et_09_01_01_en.htm,et_09_01_01_es.htm,6et_09_01_01,
09.01.02,9.1,Example 2,http://www.wadsworthmedia.com/math/stewart/solution_videos/6et_09_01_02.html,et_09_01_02_en.htm,et_09_01_02_es.htm,6et_09_01_02,
9.2 Direction Fields and Euler's Method,,,,,,,
09.02.01,9.2,Example 1,http://www.wadsworthmedia.com/math/stewart/solution_videos/6et_09_02_01.html,et_09_02_01_en.htm,et_09_02_01_es.htm,6et_09_02_01,
09.02.02,9.2,Example 2,http://www.wadsworthmedia.com/math/stewart/solution_videos/6et_09_02_02.html,et_09_02_02_en.htm,et_09_02_02_es.htm,6et_09_02_02,
09.02.04,9.2,Example 4,http://www.wadsworthmedia.com/math/stewart/solution_videos/6et_09_02_04.html,et_09_02_04_en.htm,et_09_02_04_es.htm,6et_09_02_04,
9.3 Separable Equations,,,,,,,
09.03.02,9.3,Example 2,http://www.wadsworthmedia.com/math/stewart/solution_videos/6et_09_03_02.html,et_09_03_02_en.htm,et_09_03_02_es.htm,6et_09_03_02,
09.03.04,9.3,Example 4,http://www.wadsworthmedia.com/math/stewart/solution_videos/6et_09_03_04.html,et_09_03_04_en.htm,et_09_03_04_es.htm,6et_09_03_04,
09.03.05,9.3,Example 5,http://www.wadsworthmedia.com/math/stewart/solution_videos/6et_09_03_05.html,et_09_03_05_en.htm,et_09_03_05_es.htm,6et_09_03_05,
9.4 Models for Population Growth,,,,,,,
09.04.01,9.4,Example 1,http://www.wadsworthmedia.com/math/stewart/solution_videos/6et_09_04_01.html,et_09_05_01_en.htm,et_09_05_01_es.htm,6et_09_04_01,
09.04.03,9.4,Example 3,http://www.wadsworthmedia.com/math/stewart/solution_videos/6et_09_04_03.html,et_09_05_04_en.htm,et_09_05_04_es.htm,6et_09_04_03,
9.5 Linear Equations,,,,,,,
09.05.01,9.5,Example 1,http://www.wadsworthmedia.com/math/stewart/solution_videos/6et_09_05_01.html,et_09_06_01_en.htm,et_09_06_01_es.htm,6et_09_05_01,
09.05.02,9.5,Example 2,http://www.wadsworthmedia.com/math/stewart/solution_videos/6et_09_05_02.html,et_09_06_02_en.htm,et_09_06_02_es.htm,6et_09_05_02,
09.05.04,9.5,Example 4,http://www.wadsworthmedia.com/math/stewart/solution_videos/6et_09_05_04.html,et_09_06_04_en.htm,et_09_06_04_es.htm,6et_09_05_04,
9.6 Predator-Prey Systems,,,,,,,
09.06.01a-e,9.6,Example 1,http://www.wadsworthmedia.com/math/stewart/solution_videos/6et_09_06_01.html,et_09_07_01_en.htm,et_09_07_01_es.htm,6et_09_06_01,
Chapter 10: Parametric Equations and Polar Coordinates,,,,,,,
10.1 Curves Defined by Parametric Equations,,,,,,,
10.01.02,10.1,Example 2,http://www.wadsworthmedia.com/math/stewart/solution_videos/6et_10_01_02.html,et_10_01_02_en.htm,et_10_01_02_es.htm,6et_10_01_02,
10.01.05,10.1,Example 5,http://www.wadsworthmedia.com/math/stewart/solution_videos/6et_10_01_05.html,et_10_01_04_en.htm,et_10_01_04_es.htm,6et_10_01_05,
10.01.08,10.1,Example 8,http://www.wadsworthmedia.com/math/stewart/solution_videos/6et_10_01_08.html,et_10_01_07_en.htm,et_10_01_07_es.htm,6et_10_01_08,
10.2 Calculus with Parametric Curves,,,,,,,
10.02.02a-b,10.2,Example 2,http://www.wadsworthmedia.com/math/stewart/solution_videos/6et_10_02_02.html,et_10_02_02_en.htm,et_10_02_02_es.htm,6et_10_02_02,
10.02.03,10.2,Example 3,http://www.wadsworthmedia.com/math/stewart/solution_videos/6et_10_02_03.html,et_10_02_03_en.htm,et_10_02_03_es.htm,6et_10_02_03,
10.02.05,10.2,Example 5,http://www.wadsworthmedia.com/math/stewart/solution_videos/6et_10_02_05.html,et_10_02_05_en.htm,et_10_02_05_es.htm,6et_10_02_05,
10.3 Polar Coordinates,,,,,,,
10.03.04,10.3,Example 4,http://www.wadsworthmedia.com/math/stewart/solution_videos/6et_10_03_04.html,et_10_03_04_en.htm,et_10_03_04_es.htm,6et_10_03_04,
10.03.07,10.3,Example 7,http://www.wadsworthmedia.com/math/stewart/solution_videos/6et_10_03_07.html,et_10_03_07_en.htm,et_10_03_07_es.htm,6et_10_03_07,
10.03.11,10.3,Example 11,http://www.wadsworthmedia.com/math/stewart/solution_videos/6et_10_03_11.html,et_10_03_11_en.htm,et_10_03_11_es.htm,6et_10_03_11,
10.4 Areas and Lengths in Polar Coordinates,,,,,,,
10.04.01,10.4,Example 1,http://www.wadsworthmedia.com/math/stewart/solution_videos/6et_10_04_01.html,et_10_04_01_en.htm,et_10_04_01_es.htm,6et_10_04_01,
10.04.02,10.4,Example 2,http://www.wadsworthmedia.com/math/stewart/solution_videos/6et_10_04_02.html,et_10_04_02_en.htm,et_10_04_02_es.htm,6et_10_04_02,
10.04.04,10.4,Example 4,http://www.wadsworthmedia.com/math/stewart/solution_videos/6et_10_04_04.html,et_10_04_04_en.htm,et_10_04_04_es.htm,6et_10_04_04,
10.5 Conic Sections,,,,,,,
10.05.02,10.5,Example 2,http://www.wadsworthmedia.com/math/stewart/solution_videos/6et_10_05_02.html,et_10_05_02_en.htm,et_10_05_02_es.htm,6et_10_05_02,
10.05.03,10.5,Example 3,http://www.wadsworthmedia.com/math/stewart/solution_videos/6et_10_05_03.html,et_10_05_03_en.htm,et_10_05_03_es.htm,6et_10_05_03,
10.05.07,10.5,Example 7,http://www.wadsworthmedia.com/math/stewart/solution_videos/6et_10_05_07.html,et_10_05_07_en.htm,et_10_05_07_es.htm,6et_10_05_07,
10.6 Conic Sections in Polar Coordinates,,,,,,,
10.06.01,10.6,Example 1,http://www.wadsworthmedia.com/math/stewart/solution_videos/6et_10_06_01.html,et_10_06_01_en.htm,et_10_06_01_es.htm,6et_10_06_01,
10.06.02,10.6,Example 2,http://www.wadsworthmedia.com/math/stewart/solution_videos/6et_10_06_02.html,et_10_06_02_en.htm,et_10_06_02_es.htm,6et_10_06_02,
10.06.04,10.6,Example 4,http://www.wadsworthmedia.com/math/stewart/solution_videos/6et_10_06_04.html,et_10_06_04_en.htm,et_10_06_04_es.htm,6et_10_06_04,
Chapter 11: Infinite Sequences and Series,,,,,,,
11.1 Sequences,,,,,,,
11.01.02,11.1,Example 2,http://www.wadsworthmedia.com/math/stewart/solution_videos/6et_11_01_02.html,et_11_01_02_en.htm,et_11_01_02_es.htm,6et_11_01_02,
11.01.10,11.1,Example 10,http://www.wadsworthmedia.com/math/stewart/solution_videos/6et_11_01_10.html,et_11_01_08_en.htm,et_11_01_08_es.htm,,"ссылка на ex.11, et_11_01_08"
11.01.11,11.1,Example 11,http://www.wadsworthmedia.com/math/stewart/solution_videos/7et_11_01_11.html,et_11_01_09_en.htm,et_11_01_09_es.htm,7et_11_01_11,
11.2 Series,,,,,,,
11.02.03,11.2,Example 3,http://www.wadsworthmedia.com/math/stewart/solution_videos/7et_11_02_03.html,et_11_02_02_en.htm,et_11_02_02_es.htm,7et_11_02_03,
11.02.05,11.2,Example 5,http://www.wadsworthmedia.com/math/stewart/solution_videos/7et_11_02_05.html,et_11_02_04_en.htm,et_11_02_04_es.htm,7et_11_02_05,
11.02.08,11.2,Example 8,http://www.wadsworthmedia.com/math/stewart/solution_videos/7et_11_02_08.html,et_11_02_07_en.htm,et_11_02_07_es.htm,7et_11_02_08,
11.3 The Integral Test and Estimates of Sums,,,,,,,
11.03.02,11.3,Example 2,http://www.wadsworthmedia.com/math/stewart/solution_videos/6et_11_03_02.html,et_11_03_02_en.htm,et_11_03_02_es.htm,6et_11_03_02,
11.03.04,11.3,Example 4,http://www.wadsworthmedia.com/math/stewart/solution_videos/6et_11_03_04.html,et_11_03_04_en.htm,et_11_03_04_es.htm,6et_11_03_04,
11.03.05a-b,11.3,Example 5,http://www.wadsworthmedia.com/math/stewart/solution_videos/6et_11_03_05.html,et_11_03_05_en.htm,et_11_03_05_es.htm,6et_11_03_05,
11.4 The Comparison Tests,,,,,,,
11.04.01,11.4,Example 1,http://www.wadsworthmedia.com/math/stewart/solution_videos/6et_11_04_01.html,et_11_04_01_en.htm,et_11_04_01_es.htm,6et_11_04_01,
11.04.02,11.4,Example 2,http://www.wadsworthmedia.com/math/stewart/solution_videos/6et_11_04_02.html,et_11_04_02_en.htm,et_11_04_02_es.htm,6et_11_04_02,
11.04.05,11.4,Example 5,http://www.wadsworthmedia.com/math/stewart/solution_videos/6et_11_04_05.html,et_11_04_05_en.htm,et_11_04_05_es.htm,6et_11_04_05,
11.5 Alternating Series,,,,,,,
11.05.01,11.5,Example 1,http://www.wadsworthmedia.com/math/stewart/solution_videos/6et_11_05_01.html,et_11_05_01_en.htm,et_11_05_01_es.htm,6et_11_05_01,
11.05.02,11.5,Example 2,http://www.wadsworthmedia.com/math/stewart/solution_videos/6et_11_05_02.html,et_11_05_02_en.htm,et_11_05_02_es.htm,6et_11_05_02,
11.05.04,11.5,Example 4,http://www.wadsworthmedia.com/math/stewart/solution_videos/6et_11_05_04.html,et_11_05_04_en.htm,et_11_05_04_es.htm,6et_11_05_04,
11.6 Absolute Convergence and the Ratio and Root Tests,,,,,,,
11.06.03,11.6,Example 3,http://www.wadsworthmedia.com/math/stewart/solution_videos/6et_11_06_03.html,et_11_06_03_en.htm,et_11_06_03_es.htm,6et_11_06_03,
11.06.05,11.6,Example 5,http://www.wadsworthmedia.com/math/stewart/solution_videos/6et_11_06_05.html,et_11_06_05_en.htm,et_11_06_05_es.htm,6et_11_06_05,
11.06.06,11.6,Example 6,http://www.wadsworthmedia.com/math/stewart/solution_videos/6et_11_06_06.html,et_11_06_06_en.htm,et_11_06_06_es.htm,6et_11_06_06,
11.7 Strategy for Testing Series,,,,,,,
11.07.01,11.7,Example 1,http://www.wadsworthmedia.com/math/stewart/solution_videos/6et_11_07_01.html,et_11_07_01_02_en.htm,et_11_07_01_02_es.htm,empty,
11.07.03,11.7,Example 3,http://www.wadsworthmedia.com/math/stewart/solution_videos/6et_11_07_03.html,et_11_07_03_04_en.htm,et_11_07_03_04_es.htm,empty,
11.07.05,11.7,Example 5,http://www.wadsworthmedia.com/math/stewart/solution_videos/6et_11_07_05.html,et_11_07_05_06_en.htm,et_11_07_05_06_es.htm,empty,
11.8 Power Series,,,,,,,
11.08.01,11.8,Example 1,http://www.wadsworthmedia.com/math/stewart/solution_videos/6et_11_08_01.html,et_11_08_01_en.htm,et_11_08_01_es.htm,6et_11_08_01,
11.08.02,11.8,Example 2,http://www.wadsworthmedia.com/math/stewart/solution_videos/6et_11_08_02.html,et_11_08_02_en.htm,et_11_08_02_es.htm,6et_11_08_02,
11.08.05,11.8,Example 5,http://www.wadsworthmedia.com/math/stewart/solution_videos/6et_11_08_05.html,et_11_08_05_en.htm,et_11_08_05_es.htm,6et_11_08_05,
11.9 Representations of Functions as Power Series,,,,,,,
11.09.01,11.9,Example 1,http://www.wadsworthmedia.com/math/stewart/solution_videos/6et_11_09_01.html,et_11_09_01_en.htm,et_11_09_01_es.htm,6et_11_09_01,
11.09.05,11.9,Example 5,http://www.wadsworthmedia.com/math/stewart/solution_videos/6et_11_09_05.html,et_11_09_05_en.htm,et_11_09_05_es.htm,6et_11_09_05,
11.09.07,11.9,Example 7,http://www.wadsworthmedia.com/math/stewart/solution_videos/6et_11_09_07.html,et_11_09_07_en.htm,et_11_09_07_es.htm,6et_11_09_07,
11.10 Taylor and Maclaurin Series,,,,,,,
11.10.01,11.1,Example 1,http://www.wadsworthmedia.com/math/stewart/solution_videos/6et_11_10_01.html,et_11_10_01_en.htm,et_11_10_01_es.htm,6et_11_10_01,
11.10.02,11.1,Example 2,http://www.wadsworthmedia.com/math/stewart/solution_videos/6et_11_10_02.html,et_11_10_02_en.htm,et_11_10_02_es.htm,6et_11_10_02,
11.10.09,11.1,Example 9,http://www.wadsworthmedia.com/math/stewart/solution_videos/6et_11_10_09.html,et_11_11_02_en.htm,et_11_11_02_es.htm,6et_11_10_09,
11.10.11a-b,11.1,Example 11,http://www.wadsworthmedia.com/math/stewart/solution_videos/7et_11_10_11.html,et_11_10_08_en.htm,et_11_10_08_es.htm,7et_11_10_11,
11.11 Applications of Taylor Polynomials,,,,,,,
11.11.01a-b,11.11,Example 1,http://www.wadsworthmedia.com/math/stewart/solution_videos/6et_11_11_01.html,et_11_12_01_en.htm,et_11_12_01_es.htm,6et_11_11_01,
11.11.02a-b,11.11,Example 2,http://www.wadsworthmedia.com/math/stewart/solution_videos/6et_11_11_02.html,et_11_12_02_en.htm,et_11_12_02_es.htm,6et_11_11_02,
11.11.03a-b,11.11,Example 3,http://www.wadsworthmedia.com/math/stewart/solution_videos/6et_11_11_03.html,et_11_12_03_en.htm,et_11_12_03_es.htm,6et_11_11_03,
Chapter 12: Vectors and the Geometry of Space,,,,,,,
12.1 Three-Dimensional Coordinate Systems,,,,,,,
12.01.01a-b,12.1,Example 1,http://www.wadsworthmedia.com/math/stewart/solution_videos/6et_12_01_01.html ,et_12_01_01_en.htm,et_12_01_01_es.htm,6et_12_01_01,
12.01.03,12.1,Example 3,http://www.wadsworthmedia.com/math/stewart/solution_videos/7et_12_01_03.html,et_12_01_02_en.htm,et_12_01_02_es.htm,7et_12_01_03,
12.01.05,12.1,Example 5,http://www.wadsworthmedia.com/math/stewart/solution_videos/7et_12_01_05.html,et_12_01_04_en.htm,et_12_01_04_es.htm,7et_12_01_05,
12.2 Vectors,,,,,,,
12.02.01,12.2,Example 1,http://www.wadsworthmedia.com/math/stewart/solution_videos/6et_12_02_01.html,et_12_02_01_en.htm,et_12_02_01_es.htm,6et_12_02_01,
12.02.03,12.2,Example 3,http://www.wadsworthmedia.com/math/stewart/solution_videos/6et_12_02_03.html,et_12_02_03_en.htm,et_12_02_03_es.htm,6et_12_02_03,
12.02.04,12.2,Example 4,http://www.wadsworthmedia.com/math/stewart/solution_videos/6et_12_02_04.html,et_12_02_04_en.htm,et_12_02_04_es.htm,6et_12_02_04,
12.3 The Dot Product,,,,,,,
12.03.01,12.3,Example 1,http://www.wadsworthmedia.com/math/stewart/solution_videos/6et_12_03_01.html,et_12_03_01_en.htm,et_12_03_01_es.htm,6et_12_03_01,
12.03.03,12.3,Example 3,http://www.wadsworthmedia.com/math/stewart/solution_videos/6et_12_03_03.html,et_12_03_03_en.htm,et_12_03_03_es.htm,6et_12_03_03,
12.03.06,12.3,Example 6,http://www.wadsworthmedia.com/math/stewart/solution_videos/6et_12_03_06.html,et_12_03_06_en.htm,et_12_03_06_es.htm,6et_12_03_06,
12.4 The Cross Product,,,,,,,
12.04.01,12.4,Example 1,http://www.wadsworthmedia.com/math/stewart/solution_videos/6et_12_04_01.html,et_12_04_01_en.htm,et_12_04_01_es.htm,6et_12_04_01,
12.04.02,12.4,Example 2,http://www.wadsworthmedia.com/math/stewart/solution_videos/6et_12_04_02.html,et_12_04_02_en.htm,et_12_04_02_es.htm,6et_12_04_02,
12.04.05,12.4,Example 5,http://www.wadsworthmedia.com/math/stewart/solution_videos/6et_12_04_05.html,et_12_04_05_en.htm,et_12_04_05_es.htm,6et_12_04_05,
12.5 Equations of Lines and Planes,,,,,,,
12.05.03,12.5,Example 3,http://www.wadsworthmedia.com/math/stewart/solution_videos/6et_12_05_03.html,et_12_05_03_en.htm,et_12_05_03_es.htm,6et_12_05_03,
12.05.04,12.5,Example 4,http://www.wadsworthmedia.com/math/stewart/solution_videos/6et_12_05_04.html,et_12_05_04_en.htm,et_12_05_04_es.htm,6et_12_05_04,
12.05.07a-b,12.5,Example 7,http://www.wadsworthmedia.com/math/stewart/solution_videos/6et_12_05_07.html,et_12_05_07_en.htm,et_12_05_07_es.htm,6et_12_05_07,
12.6 Cylinders and Quadric Surfaces,,,,,,,
12.06.01,12.6,Example 1,http://www.wadsworthmedia.com/math/stewart/solution_videos/6et_12_06_01.html,et_12_06_01_en.htm,et_12_06_01_es.htm,6et_12_06_01,
12.06.05,12.6,Example 5,http://www.wadsworthmedia.com/math/stewart/solution_videos/6et_12_06_05.html,et_12_06_05_en.htm,et_12_06_05_es.htm,6et_12_06_05,
12.06.07,12.6,Example 7,http://www.wadsworthmedia.com/math/stewart/solution_videos/6et_12_06_07.html,et_12_06_07_en.htm,et_12_06_07_es.htm,6et_12_06_07,
Chapter 13: Vector Functions,,,,,,,
13.1 Vector Functions and Space Curves,,,,,,,
13.01.03,13.1,Example 3,http://www.wadsworthmedia.com/math/stewart/solution_videos/6et_13_01_03.html,et_13_01_03_en.htm,et_13_01_03_es.htm,6et_13_01_03,
13.01.04,13.1,Example 4,http://www.wadsworthmedia.com/math/stewart/solution_videos/6et_13_01_04.html,et_13_01_04_en.htm,et_13_01_04_es.htm,6et_13_01_04,
13.01.06,13.1,Example 6,http://www.wadsworthmedia.com/math/stewart/solution_videos/6et_13_01_06.html,et_13_01_06_en.htm,et_13_01_06_es.htm,6et_13_01_06,
13.2 Derivatives and Integrals of Vector Functions,,,,,,,
13.02.01a-b,13.2,Example 1,http://www.wadsworthmedia.com/math/stewart/solution_videos/6et_13_02_01.html,et_13_02_01_en.htm,et_13_02_01_es.htm,6et_13_02_01,
13.02.03,13.2,Example 3,http://www.wadsworthmedia.com/math/stewart/solution_videos/6et_13_02_03.html,et_13_02_03_en.htm,et_13_02_03_es.htm,6et_13_02_03,
13.02.04,13.2,Example 4,http://www.wadsworthmedia.com/math/stewart/solution_videos/7et_13_02_04.html,et_13_02_05_en.htm,et_13_02_05_es.htm,7et_13_02_04,
13.3 Arc Length and Curvature,,,,,,,
13.03.01,13.3,Example 1,http://www.wadsworthmedia.com/math/stewart/solution_videos/6et_13_03_01.html,et_13_03_01_en.htm,et_13_03_01_es.htm,6et_13_03_01,
13.03.03,13.3,Example 3,http://www.wadsworthmedia.com/math/stewart/solution_videos/6et_13_03_03.html,et_13_03_03_en.htm,et_13_03_03_es.htm,6et_13_03_03,
13.03.07,13.3,Example 7,http://www.wadsworthmedia.com/math/stewart/solution_videos/6et_13_03_07.html,et_13_03_07_en.htm,et_13_03_07_es.htm,,"et_13_03_07, ссылка на ex.1"
13.4 Motion in Space: Velocity and Acceleration,,,,,,,
13.04.03,13.4,Example 3,http://www.wadsworthmedia.com/math/stewart/solution_videos/6et_13_04_03.html,et_13_04_03_en.htm,et_13_04_03_es.htm,6et_13_04_03,
13.04.05,13.4,Example 5,http://www.wadsworthmedia.com/math/stewart/solution_videos/6et_13_04_05.html,et_13_04_05_en.htm,et_13_04_05_es.htm,6et_13_04_05,
13.04.06,13.4,Example 6,http://www.wadsworthmedia.com/math/stewart/solution_videos/6et_13_04_06.html,et_13_04_06_en.htm,et_13_04_06_es.htm,6et_13_04_06,
Chapter 14: Partial Derivatives,,,,,,,
14.1 Functions of Several Variables,,,,,,,
14.01.06,14.1,Example 6,http://www.wadsworthmedia.com/math/stewart/solution_videos/6et_14_01_06.html,et_14_01_06_en.htm,et_14_01_06_es.htm,6et_14_01_06,
14.01.08,14.1,Example 8,http://www.wadsworthmedia.com/math/stewart/solution_videos/6et_14_01_08.html,et_14_01_08_en.htm,et_14_01_08_es.htm,6et_14_01_08,
14.01.11,14.1,Example 11,http://www.wadsworthmedia.com/math/stewart/solution_videos/6et_14_01_11.html,et_14_01_11_en.htm,et_14_01_11_es.htm,6et_14_01_11,
14.2 Limits and Continuity,,,,,,,
14.02.01,14.2,Example 1,http://www.wadsworthmedia.com/math/stewart/solution_videos/6et_14_02_01.html,et_14_02_01_en.htm,et_14_02_01_es.htm,6et_14_02_01,
14.02.03,14.2,Example 3,http://www.wadsworthmedia.com/math/stewart/solution_videos/6et_14_02_03.html,et_14_02_03_en.htm,et_14_02_03_es.htm,6et_14_02_03,
14.02.05,14.2,Example 5,http://www.wadsworthmedia.com/math/stewart/solution_videos/6et_14_02_05.html,et_14_02_05_en.htm,et_14_02_05_es.htm,6et_14_02_05,
14.3 Partial Derivatives,,,,,,,
14.03.03,14.3,Example 3,http://www.wadsworthmedia.com/math/stewart/solution_videos/6et_14_03_03.html,et_14_03_03_en.htm,et_14_03_03_es.htm,6et_14_03_03,
14.03.04,14.3,Example 4,http://www.wadsworthmedia.com/math/stewart/solution_videos/6et_14_03_04.html,et_14_03_04_en.htm,et_14_03_04_es.htm,6et_14_03_04,
14.03.07,14.3,Example 7,http://www.wadsworthmedia.com/math/stewart/solution_videos/6et_14_03_07.html,et_14_03_07_en.htm,et_14_03_07_es.htm,6et_14_03_07,
14.4 Tangent Planes and Linear Approximations,,,,,,,
14.04.01,14.4,Example 1,http://www.wadsworthmedia.com/math/stewart/solution_videos/6et_14_04_01.html,et_14_04_01_en.htm,et_14_04_01_es.htm,6et_14_04_01,
14.04.02,14.4,Example 2,http://www.wadsworthmedia.com/math/stewart/solution_videos/6et_14_04_02.html,et_14_04_02_en.htm,et_14_04_02_es.htm,6et_14_04_02,
14.04.04a-b,14.4,Example 4,http://www.wadsworthmedia.com/math/stewart/solution_videos/6et_14_04_04.html,et_14_04_04_en.htm,et_14_04_04_es.htm,6et_14_04_04,
14.5 The Chain Rule,,,,,,,
14.05.02,14.5,Example 2,http://www.wadsworthmedia.com/math/stewart/solution_videos/6et_14_05_02.html,et_14_05_02_en.htm,et_14_05_02_es.htm,6et_14_05_02,
14.05.04,14.5,Example 4,http://www.wadsworthmedia.com/math/stewart/solution_videos/6et_14_05_04.html,et_14_05_04_en.htm,et_14_05_04_es.htm,6et_14_05_04,
14.05.05,14.5,Example 5,http://www.wadsworthmedia.com/math/stewart/solution_videos/6et_14_05_05.html,et_14_05_05_en.htm,et_14_05_05_es.htm,6et_14_05_05,
14.6 Directional Derivatives and the Gradient Vector,,,,,,,
14.06.04,14.6,Example 4,http://www.wadsworthmedia.com/math/stewart/solution_videos/6et_14_06_04.html,et_14_06_04_en.htm,et_14_06_04_es.htm,6et_14_06_04,
14.06.05a-b,14.6,Example 5,http://www.wadsworthmedia.com/math/stewart/solution_videos/6et_14_06_05.html,et_14_06_05_en.htm,et_14_06_05_es.htm,6et_14_06_05,
14.06.08,14.6,Example 8,http://www.wadsworthmedia.com/math/stewart/solution_videos/6et_14_06_08.html,et_14_06_08_en.htm,et_14_06_08_es.htm,6et_14_06_08,
14.7 Maximum and Minimum Values,,,,,,,
14.07.03,14.7,Example 3,http://www.wadsworthmedia.com/math/stewart/solution_videos/6et_14_07_03.html,et_14_07_03_en.htm,et_14_07_03_es.htm,6et_14_07_03,
14.07.05,14.7,Example 5,http://www.wadsworthmedia.com/math/stewart/solution_videos/6et_14_07_05.html,et_14_07_05_en.htm,et_14_07_05_es.htm,6et_14_07_05,
14.07.06,14.7,Example 6,http://www.wadsworthmedia.com/math/stewart/solution_videos/6et_14_07_06.html,et_14_07_06_en.htm,et_14_07_06_es.htm,6et_14_07_06,
14.8 Lagrange Multipliers,,,,,,,
14.08.01,14.8,Example 1,http://www.wadsworthmedia.com/math/stewart/solution_videos/6et_14_08_01.html,et_14_08_01_en.htm,et_14_08_01_es.htm,6et_14_08_01,
14.08.02,14.8,Example 2,http://www.wadsworthmedia.com/math/stewart/solution_videos/6et_14_08_02.html,et_14_08_02_en.htm,et_14_08_02_es.htm,6et_14_08_02,
14.08.05,14.8,Example 5,http://www.wadsworthmedia.com/math/stewart/solution_videos/6et_14_08_05.html,et_14_08_05_en.htm,et_14_08_05_es.htm,6et_14_08_05,
Chapter 15: Multiple Integrals,,,,,,,
15.1 Double Integrals over Rectangles,,,,,,,
15.01.01,15.1,Example 1,http://www.wadsworthmedia.com/math/stewart/solution_videos/6et_15_01_01.html,et_15_01_01_en.htm,et_15_01_01_es.htm,6et_15_01_01,
15.01.02,15.1,Example 2,http://www.wadsworthmedia.com/math/stewart/solution_videos/6et_15_01_02.html,et_15_01_02_en.htm,et_15_01_02_es.htm,6et_15_01_02,
15.01.03,15.1,Example 3,http://www.wadsworthmedia.com/math/stewart/solution_videos/6et_15_01_03.html,et_15_01_03_en.htm,et_15_01_03_es.htm,6et_15_01_03,
15.2 Interated Integrals,,,,,,,
15.02.02,15.2,Example 2,http://www.wadsworthmedia.com/math/stewart/solution_videos/6et_15_02_02.html,et_15_02_02_en.htm,et_15_02_02_es.htm,6et_15_02_02,
15.02.03,15.2,Example 3,http://www.wadsworthmedia.com/math/stewart/solution_videos/6et_15_02_03.html,et_15_02_03_en.htm,et_15_02_03_es.htm,6et_15_02_03,
15.02.04,15.2,Example 4,http://www.wadsworthmedia.com/math/stewart/solution_videos/6et_15_02_04.html,et_15_02_04_en.htm,et_15_02_04_es.htm,6et_15_02_04,
15.3 Double Integrals over General Regions,,,,,,,
15.03.01,15.3,Example 1,http://www.wadsworthmedia.com/math/stewart/solution_videos/6et_15_03_01.html,et_15_03_01_en.htm,et_15_03_01_es.htm,6et_15_03_01,
15.03.03,15.3,Example 3,http://www.wadsworthmedia.com/math/stewart/solution_videos/6et_15_03_03.html,et_15_03_03_en.htm,et_15_03_03_es.htm,6et_15_03_03,
15.03.05,15.3,Example 5,http://www.wadsworthmedia.com/math/stewart/solution_videos/6et_15_03_05.html,et_15_03_05_en.htm,et_15_03_05_es.htm,6et_15_03_05,
15.4 Double Integrals in Polar Coordinates,,,,,,,
15.04.02,15.4,Example 2,http://www.wadsworthmedia.com/math/stewart/solution_videos/6et_15_04_02.html,et_15_04_02_en.htm,et_15_04_02_es.htm,6et_15_04_02,
15.04.03,15.4,Example 3,http://www.wadsworthmedia.com/math/stewart/solution_videos/6et_15_04_03.html,et_15_04_03_en.htm,et_15_04_03_es.htm,6et_15_04_03,
15.04.04,15.4,Example 4,http://www.wadsworthmedia.com/math/stewart/solution_videos/6et_15_04_04.html,et_15_04_04_en.htm,et_15_04_04_es.htm,6et_15_04_04,
15.5 Applications of Double Integrals,,,,,,,
15.05.02,15.5,Example 2,http://www.wadsworthmedia.com/math/stewart/solution_videos/6et_15_05_02.html,et_15_05_02_en.htm,et_15_05_02_es.htm,6et_15_05_02,
15.05.03,15.5,Example 3,http://www.wadsworthmedia.com/math/stewart/solution_videos/6et_15_05_03.html,et_15_05_03_en.htm,et_15_05_03_es.htm,6et_15_05_03,
15.05.04,15.5,Example 4,http://www.wadsworthmedia.com/math/stewart/solution_videos/7et_15_05_04_05.html,et_15_05_04_05_en.htm,et_15_05_04_05_es.htm,empty,
15.05.05,15.5,Example 5,http://www.wadsworthmedia.com/math/stewart/solution_videos/7et_15_05_04_05.html,et_15_05_04_05_en.htm,et_15_05_04_05_es.htm,empty,
15.6 Surface Area,,,,,,,
15.7 Triple Integrals,,,,,,,
15.07.01,15.7,Example 1,http://www.wadsworthmedia.com/math/stewart/solution_videos/7et_15_07_01.html,et_15_07_01_en.htm,et_15_07_01_es.htm,7et_15_07_01,
15.07.03,15.7,Example 3,http://www.wadsworthmedia.com/math/stewart/solution_videos/7et_15_07_03.html,et_15_07_03_en.htm,et_15_07_03_es.htm,7et_15_07_03,
15.07.06,15.7,Example 6,http://www.wadsworthmedia.com/math/stewart/solution_videos/7et_15_07_06.html ,et_15_07_05_en.htm,et_15_07_05_es.htm,7et_15_07_06,
15.8 Triple Integrals in Cylindrical Coordinates,,,,,,,
15.08.02,15.8,Example 2,http://www.wadsworthmedia.com/math/stewart/solution_videos/6et_15_07_02.html,?,?,,
15.08.03,15.8,Example 3,http://www.wadsworthmedia.com/math/stewart/solution_videos/7et_15_08_03.html,et_15_08_01_en.htm,et_15_08_01_es.htm,empty,
15.9 Triple Integrals in Spherical Coordinates,,,,,,,
15.09.01,15.9,Example 1,http://www.wadsworthmedia.com/math/stewart/solution_videos/6et_15_08_01.html,et_15_08_01_en.htm,et_15_08_01_es.htm,empty,
15.09.02,15.9,Example 2,http://www.wadsworthmedia.com/math/stewart/solution_videos/6et_15_08_02.html,?,?,,
15.09.03,15.9,Example 3,http://www.wadsworthmedia.com/math/stewart/solution_videos/6et_15_08_03.html,et_15_08_03_en.htm,et_15_08_03_es.htm,6et_15_08_03,
15.09.04,15.9,Example 4,http://www.wadsworthmedia.com/math/stewart/solution_videos/6et_15_08_04.html,et_15_08_04_en.htm,et_15_08_04_es.htm,6et_15_08_04,
15.10 Change of Variables in Multiple Integrals,,,,,,,
15.10.01,15.1,Example 1,http://www.wadsworthmedia.com/math/stewart/solution_videos/7et_15_10_01.html,et_15_09_01_en.htm,et_15_09_01_es.htm,7et_15_10_01,
15.10.02,15.1,Example 2,http://www.wadsworthmedia.com/math/stewart/solution_videos/7et_15_10_02.html,et_15_09_02_en.htm,et_15_09_02_es.htm,7et_15_10_02,
15.10.04,15.1,Example 4,http://www.wadsworthmedia.com/math/stewart/solution_videos/7et_15_10_04.html,et_15_09_04_en.htm,et_15_09_04_es.htm,7et_15_10_04,
Chapter 16: Vector Calculus,,,,,,,
16.1 Vector Fields,,,,,,,
16.01.01,16.1,Example 1,http://www.wadsworthmedia.com/math/stewart/solution_videos/6et_16_01_01.html,et_16_01_01_en.htm,et_16_01_01_es.htm,6et_16_01_01,
16.01.02,16.1,Example 2,http://www.wadsworthmedia.com/math/stewart/solution_videos/6et_16_01_02.html,et_16_01_02_en.htm,et_16_01_02_es.htm,6et_16_01_02,
16.01.06,16.1,Example 6,http://www.wadsworthmedia.com/math/stewart/solution_videos/6et_16_01_06.html,et_16_01_06_en.htm,et_16_01_06_es.htm,6et_16_01_06,
16.2 Line Integrals,,,,,,,
16.02.03,16.2,Example 3,http://www.wadsworthmedia.com/math/stewart/solution_videos/6et_16_02_03.html,et_16_02_03_en.htm,et_16_02_03_es.htm,6et_16_02_03,
16.02.04,16.2,Example 4,http://www.wadsworthmedia.com/math/stewart/solution_videos/6et_16_02_04.html,et_16_02_04_en.htm,et_16_02_04_es.htm,6et_16_02_04,
16.02.05,16.2,Example 5,http://www.wadsworthmedia.com/math/stewart/solution_videos/6et_16_02_05.html,et_16_02_05_en.htm,et_16_02_05_es.htm,6et_16_02_05,
16.3 The Fundamental Theorem for Line Integrals,,,,,,,
16.03.02,16.3,Example 2,http://www.wadsworthmedia.com/math/stewart/solution_videos/6et_16_03_02.html,et_16_03_02_en.htm,et_16_03_02_es.htm,6et_16_03_02,
16.03.03,16.3,Example 3,http://www.wadsworthmedia.com/math/stewart/solution_videos/6et_16_03_03.html,et_16_03_03_en.htm,et_16_03_03_es.htm,6et_16_03_03,
16.03.05,16.3,Example 5,http://www.wadsworthmedia.com/math/stewart/solution_videos/6et_16_03_05.html,et_16_03_05_en.htm,et_16_03_05_es.htm,6et_16_03_05,
16.4 Green's Theorem,,,,,,,
16.04.02,16.4,Example 2,http://www.wadsworthmedia.com/math/stewart/solution_videos/6et_16_04_02.html,et_16_04_02_en.htm,et_16_04_02_es.htm,6et_16_04_02,
16.04.04,16.4,Example 4,http://www.wadsworthmedia.com/math/stewart/solution_videos/6et_16_04_04.html,et_16_04_04_en.htm,et_16_04_04_es.htm,6et_16_04_04,
16.04.05,16.4,Example 5,http://www.wadsworthmedia.com/math/stewart/solution_videos/6et_16_04_05.html,et_16_04_05_en.htm,et_16_04_05_es.htm,6et_16_04_05,
16.5 Curl and Divergence,,,,,,,
16.05.02,16.5,Example 2,http://www.wadsworthmedia.com/math/stewart/solution_videos/6et_16_05_02.html,et_16_05_02_en.htm,et_16_05_02_es.htm,6et_16_05_02,
16.05.03a-b,16.5,Example 3,http://www.wadsworthmedia.com/math/stewart/solution_videos/6et_16_05_03.html,et_16_05_03_en.htm,et_16_05_03_es.htm,6et_16_05_03,
16.05.05,16.5,Example 5,http://www.wadsworthmedia.com/math/stewart/solution_videos/6et_16_05_05.html,et_16_05_05_en.htm,et_16_05_05_es.htm,6et_16_05_05,
16.6 Parametric Surfaces and Their Areas,,,,,,,
16.06.04,16.6,Example 4,http://www.wadsworthmedia.com/math/stewart/solution_videos/6et_16_06_04.html,et_16_06_04_en.htm,et_16_06_04_es.htm,6et_16_06_04,
16.06.06,16.6,Example 6,http://www.wadsworthmedia.com/math/stewart/solution_videos/6et_16_06_06.html,et_16_06_06_en.htm,et_16_06_06_es.htm,6et_16_06_06,
16.06.09,16.6,Example 9,http://www.wadsworthmedia.com/math/stewart/solution_videos/6et_16_06_09.html,et_16_06_09_en.htm,et_16_06_09_es.htm,6et_16_06_09,
16.06.11,16.6,Example 11,http://www.wadsworthmedia.com/math/stewart/solution_videos/6et_16_06_11.html,?,?,?,
16.7 Surface Integrals,,,,,,,
16.07.03,16.7,Example 3,http://www.wadsworthmedia.com/math/stewart/solution_videos/6et_16_07_03.html,et_16_07_03_en.htm,et_16_07_03_es.htm,6et_16_07_03,
16.07.05,16.7,Example 5,http://www.wadsworthmedia.com/math/stewart/solution_videos/7et_16_07_05.html,et_16_07_04_en.htm,et_16_07_04_es.htm,7et_16_07_05,
16.07.06,16.7,Example 6,http://www.wadsworthmedia.com/math/stewart/solution_videos/6et_16_07_06.html,et_16_07_06_en.htm,et_16_07_06_es.htm,6et_16_07_06,
16.8 Stokes' Theorem,,,,,,,
16.08.01,16.8,Example 1,http://www.wadsworthmedia.com/math/stewart/solution_videos/6et_16_08_01.html,et_16_08_01_en.htm,et_16_08_01_es.htm,6et_16_08_01,
16.08.02,16.8,Example 2,http://www.wadsworthmedia.com/math/stewart/solution_videos/6et_16_08_02.html,et_16_08_02_en.htm,et_16_08_02_es.htm,6et_16_08_02,
16.9 The Divergence Theorem,,,,,,,
16.09.01,16.9,Example 1,http://www.wadsworthmedia.com/math/stewart/solution_videos/6et_16_09_01.html,et_16_09_01_en.htm,et_16_09_01_es.htm,6et_16_09_01,
16.09.02,16.9,Example 2,http://www.wadsworthmedia.com/math/stewart/solution_videos/6et_16_09_02.html,et_16_09_02_en.htm,et_16_09_02_es.htm,6et_16_09_02,
16.10 Summary,,,,,,,
Chapter 17: Second-Order Differential Equations,,,,,,,
17.1 Second-Order Linear Equations,,,,,,,
17.01.03,17.1,Example 3,http://www.wadsworthmedia.com/math/stewart/solution_videos/6et_17_01_03.html,et_17_01_03_en.htm,et_17_01_03_es.htm,6et_17_01_03,
17.01.04,17.1,Example 4,http://www.wadsworthmedia.com/math/stewart/solution_videos/6et_17_01_04.html,et_17_01_04_en.htm,et_17_01_04_es.htm,6et_17_01_04,
17.01.07,17.1,Example 7,http://www.wadsworthmedia.com/math/stewart/solution_videos/6et_17_01_07.html,et_17_01_07_en.htm,et_17_01_07_es.htm,6et_17_01_07,
17.2 Nonhomogenous Linear Equations,,,,,,,
17.02.01,17.2,Example 1,http://www.wadsworthmedia.com/math/stewart/solution_videos/6et_17_02_01.html,et_17_02_01_en.htm,et_17_02_01_es.htm,6et_17_02_01,
17.02.03,17.2,Example 3,http://www.wadsworthmedia.com/math/stewart/solution_videos/6et_17_02_03.html,et_17_02_03_en.htm,et_17_02_03_es.htm,6et_17_02_03,
17.02.04,17.2,Example 4,http://www.wadsworthmedia.com/math/stewart/solution_videos/6et_17_02_04.html,et_17_02_04_en.htm,et_17_02_04_es.htm,6et_17_02_04,
17.3 Applications of Second-Order Differential Equations,,,,,,,
17.03.01,17.3,Example 1,http://www.wadsworthmedia.com/math/stewart/solution_videos/7et_17_03_01_02.html,et_17_03_01_02_en.htm,et_17_03_01_02_es.htm,empty,
17.03.02,17.3,Example 2,http://www.wadsworthmedia.com/math/stewart/solution_videos/7et_17_03_01_02.html,et_17_03_01_02_en.htm,et_17_03_01_02_es.htm,empty,
17.03.03,17.3,Example 3,http://www.wadsworthmedia.com/math/stewart/solution_videos/6et_17_03_03.html,et_17_03_03_en.htm,et_17_03_03_es.htm,6et_17_03_03,
17.4 Series Solutions,,,,,,,
17.04.01,17.4,Example 1,http://www.wadsworthmedia.com/math/stewart/solution_videos/6et_17_04_01.html,et_17_04_01_en.htm,et_17_04_01_es.htm,6et_17_04_01,
17.04.02,17.4,Example 2,http://www.wadsworthmedia.com/math/stewart/solution_videos/6et_17_04_02.html,et_17_04_02_en.htm,et_17_04_02_es.htm,6et_17_04_02,
